Subset,Model,Unit,Detected,Lead_Time,Premature_Alarm,False_Alarm_Cycles,Healthy_Cycles
FD001,IsolationForest,1,True,68.0,False,0,62
FD001,IsolationForest,2,True,68.0,False,0,157
FD001,IsolationForest,3,True,57.0,False,0,49
FD001,IsolationForest,4,True,60.0,False,0,59
FD001,IsolationForest,5,False,0.0,True,2,139
FD001,IsolationForest,6,False,0.0,True,27,58
FD001,IsolationForest,7,True,82.0,False,0,129
FD001,IsolationForest,8,True,98.0,False,0,20
FD001,IsolationForest,9,True,86.0,False,0,71
FD001,IsolationForest,10,True,62.0,False,0,92
FD001,IsolationForest,11,True,92.0,False,0,110
FD001,IsolationForest,12,True,73.0,False,0,40
FD001,IsolationForest,13,True,56.0,False,0,33
FD001,IsolationForest,14,True,83.0,False,0,50
FD001,IsolationForest,15,True,42.0,False,0,77
FD001,IsolationForest,16,False,0.0,True,52,79
FD001,IsolationForest,17,True,85.0,False,0,146
FD001,IsolationForest,18,True,75.0,False,0,65
FD001,IsolationForest,19,False,0.0,True,3,28
FD001,IsolationForest,20,False,0.0,True,16,104
FD001,IsolationForest,21,True,66.0,False,0,65
FD001,IsolationForest,22,False,0.0,True,57,72
FD001,IsolationForest,23,True,67.0,False,0,38
FD001,IsolationForest,24,True,47.0,False,0,17
FD001,IsolationForest,25,True,75.0,False,0,100
FD001,IsolationForest,26,False,0.0,True,5,69
FD001,IsolationForest,27,True,60.0,False,0,26
FD001,IsolationForest,28,True,35.0,False,0,35
FD001,IsolationForest,29,True,48.0,False,0,33
FD001,IsolationForest,30,True,47.0,False,0,64
FD001,IsolationForest,31,True,57.0,False,0,104
FD001,IsolationForest,32,False,0.0,True,10,61
FD001,IsolationForest,33,True,51.0,False,0,70
FD001,IsolationForest,34,True,73.0,False,0,65
FD001,IsolationForest,35,True,55.0,False,0,51
FD001,IsolationForest,36,True,64.0,False,0,28
FD001,IsolationForest,37,True,63.0,False,0,40
FD001,IsolationForest,38,True,75.0,False,0,64
FD001,IsolationForest,39,True,58.0,False,0,0
FD001,IsolationForest,40,False,0.0,True,36,58
FD001,IsolationForest,41,True,69.0,False,0,86
FD001,IsolationForest,42,True,51.0,False,0,66
FD001,IsolationForest,43,True,46.0,False,0,77
FD001,IsolationForest,44,True,52.0,False,0,62
FD001,IsolationForest,45,True,56.0,False,0,28
FD001,IsolationForest,46,True,65.0,False,0,126
FD001,IsolationForest,47,True,58.0,False,0,84
FD001,IsolationForest,48,True,87.0,False,0,101
FD001,IsolationForest,49,False,0.0,True,11,85
FD001,IsolationForest,50,True,68.0,False,0,68
FD001,IsolationForest,51,False,0.0,True,19,83
FD001,IsolationForest,52,True,72.0,False,0,83
FD001,IsolationForest,53,True,70.0,False,0,65
FD001,IsolationForest,54,True,87.0,False,0,127
FD001,IsolationForest,55,True,60.0,False,0,63
FD001,IsolationForest,56,False,0.0,True,20,145
FD001,IsolationForest,57,True,38.0,False,0,7
FD001,IsolationForest,58,True,44.0,False,0,17
FD001,IsolationForest,59,True,55.0,False,0,101
FD001,IsolationForest,60,True,52.0,False,0,42
FD001,IsolationForest,61,True,58.0,False,0,55
FD001,IsolationForest,62,False,0.0,True,2,50
FD001,IsolationForest,63,True,63.0,False,0,44
FD001,IsolationForest,64,True,92.0,False,0,153
FD001,IsolationForest,65,True,40.0,False,0,23
FD001,IsolationForest,66,False,0.0,True,45,72
FD001,IsolationForest,67,True,96.0,False,0,183
FD001,IsolationForest,68,True,83.0,False,0,69
FD001,IsolationForest,69,False,0.0,True,9,232
FD001,IsolationForest,70,True,45.0,False,0,7
FD001,IsolationForest,71,True,80.0,False,0,78
FD001,IsolationForest,72,True,57.0,False,0,83
FD001,IsolationForest,73,False,0.0,True,71,83
FD001,IsolationForest,74,True,53.0,False,0,36
FD001,IsolationForest,75,False,0.0,True,12,99
FD001,IsolationForest,76,False,0.0,True,4,80
FD001,IsolationForest,77,True,57.0,False,0,24
FD001,IsolationForest,78,True,56.0,False,0,101
FD001,IsolationForest,79,True,57.0,False,0,69
FD001,IsolationForest,80,False,0.0,True,19,55
FD001,IsolationForest,81,True,95.0,False,0,110
FD001,IsolationForest,82,True,65.0,False,0,84
FD001,IsolationForest,83,True,54.0,False,0,163
FD001,IsolationForest,84,False,0.0,True,79,137
FD001,IsolationForest,85,True,53.0,False,0,58
FD001,IsolationForest,86,False,0.0,True,4,148
FD001,IsolationForest,87,True,63.0,False,0,48
FD001,IsolationForest,88,True,76.0,False,0,83
FD001,IsolationForest,89,True,53.0,False,0,87
FD001,IsolationForest,90,True,43.0,False,0,24
FD001,IsolationForest,91,False,0.0,True,3,5
FD001,IsolationForest,92,False,0.0,True,3,211
FD001,IsolationForest,93,True,41.0,False,0,25
FD001,IsolationForest,94,False,0.0,True,11,128
FD001,IsolationForest,95,True,95.0,False,0,153
FD001,IsolationForest,96,True,85.0,False,0,206
FD001,IsolationForest,97,True,64.0,False,0,72
FD001,IsolationForest,98,True,53.0,False,0,26
FD001,IsolationForest,99,True,46.0,False,0,55
FD001,IsolationForest,100,True,71.0,False,0,70
FD001,RandomForest,1,True,30.0,False,0,62
FD001,RandomForest,2,True,31.0,False,0,157
FD001,RandomForest,3,True,24.0,False,0,49
FD001,RandomForest,4,True,27.0,False,0,59
FD001,RandomForest,5,True,30.0,False,0,139
FD001,RandomForest,6,True,38.0,False,0,58
FD001,RandomForest,7,True,39.0,False,0,129
FD001,RandomForest,8,True,26.0,False,0,20
FD001,RandomForest,9,True,23.0,False,0,71
FD001,RandomForest,10,True,26.0,False,0,92
FD001,RandomForest,11,True,28.0,False,0,110
FD001,RandomForest,12,True,34.0,False,0,40
FD001,RandomForest,13,True,22.0,False,0,33
FD001,RandomForest,14,True,26.0,False,0,50
FD001,RandomForest,15,True,30.0,False,0,77
FD001,RandomForest,16,True,30.0,False,0,79
FD001,RandomForest,17,True,36.0,False,0,146
FD001,RandomForest,18,True,23.0,False,0,65
FD001,RandomForest,19,True,29.0,False,0,28
FD001,RandomForest,20,True,34.0,False,0,104
FD001,RandomForest,21,True,19.0,False,0,65
FD001,RandomForest,22,True,29.0,False,0,72
FD001,RandomForest,23,True,33.0,False,0,38
FD001,RandomForest,24,True,23.0,False,0,17
FD001,RandomForest,25,True,36.0,False,0,100
FD001,RandomForest,26,True,27.0,False,0,69
FD001,RandomForest,27,True,22.0,False,0,26
FD001,RandomForest,28,True,21.0,False,0,35
FD001,RandomForest,29,True,30.0,False,0,33
FD001,RandomForest,30,True,25.0,False,0,64
FD001,RandomForest,31,True,30.0,False,0,104
FD001,RandomForest,32,True,28.0,False,0,61
FD001,RandomForest,33,True,24.0,False,0,70
FD001,RandomForest,34,True,31.0,False,0,65
FD001,RandomForest,35,True,26.0,False,0,51
FD001,RandomForest,36,True,27.0,False,0,28
FD001,RandomForest,37,True,22.0,False,0,40
FD001,RandomForest,38,True,38.0,False,0,64
FD001,RandomForest,39,True,23.0,False,0,0
FD001,RandomForest,40,True,32.0,False,0,58
FD001,RandomForest,41,True,26.0,False,0,86
FD001,RandomForest,42,True,26.0,False,0,66
FD001,RandomForest,43,True,33.0,False,0,77
FD001,RandomForest,44,True,21.0,False,0,62
FD001,RandomForest,45,True,20.0,False,0,28
FD001,RandomForest,46,True,35.0,False,0,126
FD001,RandomForest,47,True,24.0,False,0,84
FD001,RandomForest,48,True,30.0,False,0,101
FD001,RandomForest,49,True,31.0,False,0,85
FD001,RandomForest,50,True,29.0,False,0,68
FD001,RandomForest,51,True,26.0,False,0,83
FD001,RandomForest,52,True,36.0,False,0,83
FD001,RandomForest,53,True,26.0,False,0,65
FD001,RandomForest,54,True,29.0,False,0,127
FD001,RandomForest,55,True,26.0,False,0,63
FD001,RandomForest,56,True,45.0,False,0,145
FD001,RandomForest,57,True,28.0,False,0,7
FD001,RandomForest,58,True,25.0,False,0,17
FD001,RandomForest,59,True,27.0,False,0,101
FD001,RandomForest,60,True,23.0,False,0,42
FD001,RandomForest,61,True,23.0,False,0,55
FD001,RandomForest,62,True,28.0,False,0,50
FD001,RandomForest,63,True,29.0,False,0,44
FD001,RandomForest,64,True,30.0,False,0,153
FD001,RandomForest,65,True,20.0,False,0,23
FD001,RandomForest,66,True,35.0,False,0,72
FD001,RandomForest,67,True,35.0,False,0,183
FD001,RandomForest,68,True,35.0,False,0,69
FD001,RandomForest,69,True,39.0,False,0,232
FD001,RandomForest,70,True,25.0,False,0,7
FD001,RandomForest,71,True,31.0,False,0,78
FD001,RandomForest,72,True,37.0,False,0,83
FD001,RandomForest,73,True,37.0,False,0,83
FD001,RandomForest,74,True,23.0,False,0,36
FD001,RandomForest,75,True,45.0,False,0,99
FD001,RandomForest,76,True,34.0,False,0,80
FD001,RandomForest,77,True,23.0,False,0,24
FD001,RandomForest,78,True,27.0,False,0,101
FD001,RandomForest,79,True,23.0,False,0,69
FD001,RandomForest,80,True,27.0,False,0,55
FD001,RandomForest,81,True,31.0,False,0,110
FD001,RandomForest,82,True,26.0,False,0,84
FD001,RandomForest,83,True,30.0,False,0,163
FD001,RandomForest,84,True,46.0,False,0,137
FD001,RandomForest,85,True,25.0,False,0,58
FD001,RandomForest,86,True,34.0,False,0,148
FD001,RandomForest,87,True,25.0,False,0,48
FD001,RandomForest,88,True,33.0,False,0,83
FD001,RandomForest,89,True,30.0,False,0,87
FD001,RandomForest,90,True,19.0,False,0,24
FD001,RandomForest,91,True,24.0,False,0,5
FD001,RandomForest,92,True,49.0,False,0,211
FD001,RandomForest,93,True,20.0,False,0,25
FD001,RandomForest,94,True,34.0,False,0,128
FD001,RandomForest,95,True,28.0,False,0,153
FD001,RandomForest,96,True,45.0,False,0,206
FD001,RandomForest,97,True,24.0,False,0,72
FD001,RandomForest,98,True,21.0,False,0,26
FD001,RandomForest,99,True,22.0,False,0,55
FD001,RandomForest,100,True,35.0,False,0,70
FD001,XGBoost,1,True,28.0,False,0,62
FD001,XGBoost,2,True,31.0,False,0,157
FD001,XGBoost,3,True,22.0,False,0,49
FD001,XGBoost,4,True,30.0,False,0,59
FD001,XGBoost,5,True,27.0,False,0,139
FD001,XGBoost,6,True,30.0,False,0,58
FD001,XGBoost,7,True,31.0,False,0,129
FD001,XGBoost,8,True,24.0,False,0,20
FD001,XGBoost,9,True,28.0,False,0,71
FD001,XGBoost,10,True,24.0,False,0,92
FD001,XGBoost,11,True,28.0,False,0,110
FD001,XGBoost,12,True,27.0,False,0,40
FD001,XGBoost,13,True,20.0,False,0,33
FD001,XGBoost,14,True,23.0,False,0,50
FD001,XGBoost,15,True,30.0,False,0,77
FD001,XGBoost,16,True,32.0,False,0,79
FD001,XGBoost,17,True,36.0,False,0,146
FD001,XGBoost,18,True,24.0,False,0,65
FD001,XGBoost,19,True,29.0,False,0,28
FD001,XGBoost,20,True,28.0,False,0,104
FD001,XGBoost,21,True,32.0,False,0,65
FD001,XGBoost,22,True,26.0,False,0,72
FD001,XGBoost,23,True,33.0,False,0,38
FD001,XGBoost,24,True,23.0,False,0,17
FD001,XGBoost,25,True,37.0,False,0,100
FD001,XGBoost,26,True,26.0,False,0,69
FD001,XGBoost,27,True,18.0,False,0,26
FD001,XGBoost,28,True,25.0,False,0,35
FD001,XGBoost,29,True,30.0,False,0,33
FD001,XGBoost,30,True,29.0,False,0,64
FD001,XGBoost,31,True,31.0,False,0,104
FD001,XGBoost,32,True,27.0,False,0,61
FD001,XGBoost,33,True,25.0,False,0,70
FD001,XGBoost,34,True,30.0,False,0,65
FD001,XGBoost,35,True,25.0,False,0,51
FD001,XGBoost,36,True,26.0,False,0,28
FD001,XGBoost,37,True,22.0,False,0,40
FD001,XGBoost,38,True,25.0,False,0,64
FD001,XGBoost,39,True,24.0,False,0,0
FD001,XGBoost,40,True,31.0,False,0,58
FD001,XGBoost,41,True,26.0,False,0,86
FD001,XGBoost,42,True,26.0,False,0,66
FD001,XGBoost,43,True,34.0,False,0,77
FD001,XGBoost,44,True,21.0,False,0,62
FD001,XGBoost,45,True,20.0,False,0,28
FD001,XGBoost,46,True,36.0,False,0,126
FD001,XGBoost,47,True,24.0,False,0,84
FD001,XGBoost,48,True,32.0,False,0,101
FD001,XGBoost,49,True,31.0,False,0,85
FD001,XGBoost,50,True,28.0,False,0,68
FD001,XGBoost,51,True,27.0,False,0,83
FD001,XGBoost,52,True,36.0,False,0,83
FD001,XGBoost,53,True,27.0,False,0,65
FD001,XGBoost,54,True,24.0,False,0,127
FD001,XGBoost,55,True,33.0,False,0,63
FD001,XGBoost,56,True,44.0,False,0,145
FD001,XGBoost,57,True,28.0,False,0,7
FD001,XGBoost,58,True,25.0,False,0,17
FD001,XGBoost,59,True,28.0,False,0,101
FD001,XGBoost,60,True,20.0,False,0,42
FD001,XGBoost,61,True,24.0,False,0,55
FD001,XGBoost,62,True,27.0,False,0,50
FD001,XGBoost,63,True,29.0,False,0,44
FD001,XGBoost,64,True,29.0,False,0,153
FD001,XGBoost,65,True,20.0,False,0,23
FD001,XGBoost,66,True,35.0,False,0,72
FD001,XGBoost,67,True,31.0,False,0,183
FD001,XGBoost,68,True,27.0,False,0,69
FD001,XGBoost,69,True,38.0,False,0,232
FD001,XGBoost,70,True,25.0,False,0,7
FD001,XGBoost,71,True,30.0,False,0,78
FD001,XGBoost,72,True,38.0,False,0,83
FD001,XGBoost,73,True,37.0,False,0,83
FD001,XGBoost,74,True,23.0,False,0,36
FD001,XGBoost,75,True,40.0,False,0,99
FD001,XGBoost,76,True,32.0,False,0,80
FD001,XGBoost,77,True,20.0,False,0,24
FD001,XGBoost,78,True,25.0,False,0,101
FD001,XGBoost,79,True,25.0,False,0,69
FD001,XGBoost,80,True,32.0,False,0,55
FD001,XGBoost,81,True,29.0,False,0,110
FD001,XGBoost,82,True,28.0,False,0,84
FD001,XGBoost,83,True,30.0,False,0,163
FD001,XGBoost,84,True,35.0,False,0,137
FD001,XGBoost,85,True,25.0,False,0,58
FD001,XGBoost,86,True,32.0,False,0,148
FD001,XGBoost,87,True,25.0,False,0,48
FD001,XGBoost,88,True,29.0,False,0,83
FD001,XGBoost,89,True,29.0,False,0,87
FD001,XGBoost,90,True,19.0,False,0,24
FD001,XGBoost,91,True,22.0,False,0,5
FD001,XGBoost,92,True,49.0,False,0,211
FD001,XGBoost,93,True,19.0,False,0,25
FD001,XGBoost,94,True,34.0,False,0,128
FD001,XGBoost,95,True,28.0,False,0,153
FD001,XGBoost,96,True,33.0,False,0,206
FD001,XGBoost,97,True,26.0,False,0,72
FD001,XGBoost,98,True,20.0,False,0,26
FD001,XGBoost,99,True,21.0,False,0,55
FD001,XGBoost,100,True,34.0,False,0,70
FD001,LSTM,1,True,25.0,False,0,62
FD001,LSTM,2,True,29.0,False,0,157
FD001,LSTM,3,True,26.0,False,0,49
FD001,LSTM,4,True,32.0,False,0,59
FD001,LSTM,5,True,37.0,False,0,139
FD001,LSTM,6,True,22.0,False,0,58
FD001,LSTM,7,True,30.0,False,0,129
FD001,LSTM,8,True,23.0,False,0,20
FD001,LSTM,9,True,28.0,False,0,71
FD001,LSTM,10,True,27.0,False,0,92
FD001,LSTM,11,True,32.0,False,0,110
FD001,LSTM,12,True,17.0,False,0,40
FD001,LSTM,13,True,24.0,False,0,33
FD001,LSTM,14,True,24.0,False,0,50
FD001,LSTM,15,True,31.0,False,0,77
FD001,LSTM,16,True,36.0,False,0,79
FD001,LSTM,17,True,48.0,False,0,146
FD001,LSTM,18,True,29.0,False,0,65
FD001,LSTM,19,True,32.0,False,0,28
FD001,LSTM,20,True,28.0,False,0,104
FD001,LSTM,21,True,27.0,False,0,65
FD001,LSTM,22,True,51.0,False,0,72
FD001,LSTM,23,True,22.0,False,0,38
FD001,LSTM,24,True,22.0,False,0,17
FD001,LSTM,25,True,43.0,False,0,100
FD001,LSTM,26,True,27.0,False,0,69
FD001,LSTM,27,True,23.0,False,0,26
FD001,LSTM,28,True,26.0,False,0,35
FD001,LSTM,29,True,26.0,False,0,33
FD001,LSTM,30,True,29.0,False,0,64
FD001,LSTM,31,True,37.0,False,0,104
FD001,LSTM,32,True,24.0,False,0,61
FD001,LSTM,33,True,29.0,False,0,70
FD001,LSTM,34,True,33.0,False,0,65
FD001,LSTM,35,True,21.0,False,0,51
FD001,LSTM,36,True,24.0,False,0,28
FD001,LSTM,37,True,27.0,False,0,40
FD001,LSTM,38,True,27.0,False,0,64
FD001,LSTM,39,True,14.0,False,0,0
FD001,LSTM,40,True,30.0,False,0,58
FD001,LSTM,41,True,27.0,False,0,86
FD001,LSTM,42,True,23.0,False,0,66
FD001,LSTM,43,True,34.0,False,0,77
FD001,LSTM,44,True,19.0,False,0,62
FD001,LSTM,45,True,18.0,False,0,28
FD001,LSTM,46,True,35.0,False,0,126
FD001,LSTM,47,True,24.0,False,0,84
FD001,LSTM,48,True,34.0,False,0,101
FD001,LSTM,49,True,28.0,False,0,85
FD001,LSTM,50,True,28.0,False,0,68
FD001,LSTM,51,True,35.0,False,0,83
FD001,LSTM,52,True,27.0,False,0,83
FD001,LSTM,53,True,29.0,False,0,65
FD001,LSTM,54,True,38.0,False,0,127
FD001,LSTM,55,True,25.0,False,0,63
FD001,LSTM,56,True,51.0,False,0,145
FD001,LSTM,57,True,27.0,False,0,7
FD001,LSTM,58,True,30.0,False,0,17
FD001,LSTM,59,True,21.0,False,0,101
FD001,LSTM,60,True,34.0,False,0,42
FD001,LSTM,61,True,24.0,False,0,55
FD001,LSTM,62,True,29.0,False,0,50
FD001,LSTM,63,True,30.0,False,0,44
FD001,LSTM,64,True,56.0,False,0,153
FD001,LSTM,65,True,24.0,False,0,23
FD001,LSTM,66,True,30.0,False,0,72
FD001,LSTM,67,True,35.0,False,0,183
FD001,LSTM,68,True,35.0,False,0,69
FD001,LSTM,69,True,36.0,False,0,232
FD001,LSTM,70,True,35.0,False,0,7
FD001,LSTM,71,True,32.0,False,0,78
FD001,LSTM,72,True,15.0,False,0,83
FD001,LSTM,73,True,36.0,False,0,83
FD001,LSTM,74,True,27.0,False,0,36
FD001,LSTM,75,True,49.0,False,0,99
FD001,LSTM,76,True,26.0,False,0,80
FD001,LSTM,77,True,16.0,False,0,24
FD001,LSTM,78,True,25.0,False,0,101
FD001,LSTM,79,True,23.0,False,0,69
FD001,LSTM,80,True,29.0,False,0,55
FD001,LSTM,81,True,26.0,False,0,110
FD001,LSTM,82,True,35.0,False,0,84
FD001,LSTM,83,True,26.0,False,0,163
FD001,LSTM,84,True,28.0,False,0,137
FD001,LSTM,85,True,24.0,False,0,58
FD001,LSTM,86,True,34.0,False,0,148
FD001,LSTM,87,True,24.0,False,0,48
FD001,LSTM,88,True,31.0,False,0,83
FD001,LSTM,89,True,27.0,False,0,87
FD001,LSTM,90,True,21.0,False,0,24
FD001,LSTM,91,True,32.0,False,0,5
FD001,LSTM,92,True,41.0,False,0,211
FD001,LSTM,93,True,26.0,False,0,25
FD001,LSTM,94,True,45.0,False,0,128
FD001,LSTM,95,True,40.0,False,0,153
FD001,LSTM,96,True,40.0,False,0,206
FD001,LSTM,97,True,27.0,False,0,72
FD001,LSTM,98,True,27.0,False,0,26
FD001,LSTM,99,True,22.0,False,0,55
FD001,LSTM,100,True,34.0,False,0,70
FD001,Static_Threshold,16,True,43.0,False,0,108
FD001,Static_Threshold,17,True,51.0,False,0,175
FD001,Static_Threshold,25,True,38.0,False,0,129
FD001,Static_Threshold,26,True,40.0,False,0,98
FD001,Static_Threshold,28,True,17.0,False,0,64
FD001,Static_Threshold,31,True,23.0,False,0,133
FD001,Static_Threshold,37,True,28.0,False,0,69
FD001,Static_Threshold,39,True,22.0,False,0,27
FD001,Static_Threshold,44,True,16.0,False,0,91
FD001,Static_Threshold,49,True,33.0,False,0,114
FD001,Static_Threshold,55,True,42.0,False,0,92
FD001,Static_Threshold,62,True,37.0,False,0,79
FD001,Static_Threshold,66,True,56.0,False,0,101
FD001,Static_Threshold,69,True,50.0,False,0,261
FD001,Static_Threshold,73,True,44.0,False,0,112
FD001,Static_Threshold,77,True,18.0,False,0,53
FD001,Static_Threshold,80,True,39.0,False,0,84
FD001,Static_Threshold,93,True,12.0,False,0,54
FD001,Static_Threshold,94,True,47.0,False,0,157
FD001,Static_Threshold,100,True,30.0,False,0,99
FD001,Static_Threshold,11,True,30.0,False,0,139
FD001,Static_Threshold,12,True,20.0,False,0,69
FD001,Static_Threshold,14,True,29.0,False,0,79
FD001,Static_Threshold,18,True,21.0,False,0,94
FD001,Static_Threshold,19,True,26.0,False,0,57
FD001,Static_Threshold,24,True,14.0,False,0,46
FD001,Static_Threshold,29,True,18.0,False,0,62
FD001,Static_Threshold,40,True,33.0,False,0,87
FD001,Static_Threshold,41,True,24.0,False,0,115
FD001,Static_Threshold,43,True,19.0,False,0,106
FD001,Static_Threshold,48,True,22.0,False,0,130
FD001,Static_Threshold,53,True,26.0,False,0,94
FD001,Static_Threshold,58,True,15.0,False,0,46
FD001,Static_Threshold,76,True,29.0,False,0,109
FD001,Static_Threshold,79,True,16.0,False,0,98
FD001,Static_Threshold,84,True,26.0,False,0,166
FD001,Static_Threshold,85,True,18.0,False,0,87
FD001,Static_Threshold,86,True,30.0,False,0,177
FD001,Static_Threshold,88,True,28.0,False,0,112
FD001,Static_Threshold,92,True,58.0,False,0,240
FD001,Static_Threshold,1,True,20.0,False,0,91
FD001,Static_Threshold,3,True,17.0,False,0,78
FD001,Static_Threshold,7,True,22.0,False,0,158
FD001,Static_Threshold,10,True,26.0,False,0,121
FD001,Static_Threshold,13,True,23.0,False,0,62
FD001,Static_Threshold,21,True,20.0,False,0,94
FD001,Static_Threshold,22,True,31.0,False,0,101
FD001,Static_Threshold,33,True,13.0,False,0,99
FD001,Static_Threshold,42,True,18.0,False,0,95
FD001,Static_Threshold,47,True,21.0,False,0,113
FD001,Static_Threshold,51,True,22.0,False,0,112
FD001,Static_Threshold,60,True,22.0,False,0,71
FD001,Static_Threshold,61,True,11.0,False,0,84
FD001,Static_Threshold,64,True,43.0,False,0,182
FD001,Static_Threshold,65,True,13.0,False,0,52
FD001,Static_Threshold,78,True,16.0,False,0,130
FD001,Static_Threshold,81,True,26.0,False,0,139
FD001,Static_Threshold,91,True,26.0,False,0,34
FD001,Static_Threshold,96,True,35.0,False,0,235
FD001,Static_Threshold,98,True,15.0,False,0,55
FD001,Static_Threshold,5,True,28.0,False,0,168
FD001,Static_Threshold,8,True,28.0,False,0,49
FD001,Static_Threshold,15,True,15.0,False,0,106
FD001,Static_Threshold,23,True,18.0,False,0,67
FD001,Static_Threshold,27,True,23.0,False,0,55
FD001,Static_Threshold,32,True,32.0,False,0,90
FD001,Static_Threshold,34,True,31.0,False,0,94
FD001,Static_Threshold,35,True,17.0,False,0,80
FD001,Static_Threshold,38,True,38.0,False,0,93
FD001,Static_Threshold,46,True,21.0,False,0,155
FD001,Static_Threshold,52,True,25.0,False,0,112
FD001,Static_Threshold,59,True,23.0,False,0,130
FD001,Static_Threshold,67,True,38.0,False,0,212
FD001,Static_Threshold,68,True,38.0,False,0,98
FD001,Static_Threshold,70,True,17.0,False,0,36
FD001,Static_Threshold,74,True,17.0,False,0,65
FD001,Static_Threshold,82,True,19.0,False,0,113
FD001,Static_Threshold,89,True,19.0,False,0,116
FD001,Static_Threshold,95,True,32.0,False,0,182
FD001,Static_Threshold,99,True,17.0,False,0,84
FD001,Static_Threshold,2,True,30.0,False,0,186
FD001,Static_Threshold,4,True,28.0,False,0,88
FD001,Static_Threshold,6,True,40.0,False,0,87
FD001,Static_Threshold,9,True,14.0,False,0,100
FD001,Static_Threshold,20,True,30.0,False,0,133
FD001,Static_Threshold,30,True,18.0,False,0,93
FD001,Static_Threshold,36,True,24.0,False,0,57
FD001,Static_Threshold,45,True,13.0,False,0,57
FD001,Static_Threshold,50,True,40.0,False,0,97
FD001,Static_Threshold,54,True,24.0,False,0,156
FD001,Static_Threshold,56,True,45.0,False,0,174
FD001,Static_Threshold,57,True,15.0,False,0,36
FD001,Static_Threshold,63,True,32.0,False,0,73
FD001,Static_Threshold,71,True,33.0,False,0,107
FD001,Static_Threshold,72,True,24.0,False,0,112
FD001,Static_Threshold,75,True,47.0,False,0,128
FD001,Static_Threshold,83,True,24.0,False,0,192
FD001,Static_Threshold,87,True,21.0,False,0,77
FD001,Static_Threshold,90,True,13.0,False,0,53
FD001,Static_Threshold,97,True,42.0,False,0,101
FD001,EWMA_Control_Limits,16,True,84.0,False,0,108
FD001,EWMA_Control_Limits,17,True,37.0,False,0,175
FD001,EWMA_Control_Limits,25,True,49.0,False,0,129
FD001,EWMA_Control_Limits,26,True,51.0,False,0,98
FD001,EWMA_Control_Limits,28,True,23.0,False,0,64
FD001,EWMA_Control_Limits,31,True,32.0,False,0,133
FD001,EWMA_Control_Limits,37,True,51.0,False,0,69
FD001,EWMA_Control_Limits,39,True,49.0,False,0,27
FD001,EWMA_Control_Limits,44,True,27.0,False,0,91
FD001,EWMA_Control_Limits,49,True,58.0,False,0,114
FD001,EWMA_Control_Limits,55,True,29.0,False,0,92
FD001,EWMA_Control_Limits,62,True,54.0,False,0,79
FD001,EWMA_Control_Limits,66,True,83.0,False,0,101
FD001,EWMA_Control_Limits,69,True,68.0,False,0,261
FD001,EWMA_Control_Limits,73,False,0.0,True,13,112
FD001,EWMA_Control_Limits,77,True,34.0,False,0,53
FD001,EWMA_Control_Limits,80,True,47.0,False,0,84
FD001,EWMA_Control_Limits,93,True,21.0,False,0,54
FD001,EWMA_Control_Limits,94,True,64.0,False,0,157
FD001,EWMA_Control_Limits,100,True,42.0,False,0,99
FD001,EWMA_Control_Limits,11,True,26.0,False,0,139
FD001,EWMA_Control_Limits,12,True,49.0,False,0,69
FD001,EWMA_Control_Limits,14,True,48.0,False,0,79
FD001,EWMA_Control_Limits,18,True,14.0,False,0,94
FD001,EWMA_Control_Limits,19,True,60.0,False,0,57
FD001,EWMA_Control_Limits,24,True,21.0,False,0,46
FD001,EWMA_Control_Limits,29,True,31.0,False,0,62
FD001,EWMA_Control_Limits,40,True,60.0,False,0,87
FD001,EWMA_Control_Limits,41,True,28.0,False,0,115
FD001,EWMA_Control_Limits,43,True,32.0,False,0,106
FD001,EWMA_Control_Limits,48,True,20.0,False,0,130
FD001,EWMA_Control_Limits,53,True,30.0,False,0,94
FD001,EWMA_Control_Limits,58,True,21.0,False,0,46
FD001,EWMA_Control_Limits,76,True,69.0,False,0,109
FD001,EWMA_Control_Limits,79,True,23.0,False,0,98
FD001,EWMA_Control_Limits,84,False,0.0,True,7,166
FD001,EWMA_Control_Limits,85,True,36.0,False,0,87
FD001,EWMA_Control_Limits,86,True,63.0,False,0,177
FD001,EWMA_Control_Limits,88,True,35.0,False,0,112
FD001,EWMA_Control_Limits,92,True,63.0,False,0,240
FD001,EWMA_Control_Limits,1,True,28.0,False,0,91
FD001,EWMA_Control_Limits,3,True,18.0,False,0,78
FD001,EWMA_Control_Limits,7,True,38.0,False,0,158
FD001,EWMA_Control_Limits,10,True,25.0,False,0,121
FD001,EWMA_Control_Limits,13,True,33.0,False,0,62
FD001,EWMA_Control_Limits,21,True,31.0,False,0,94
FD001,EWMA_Control_Limits,22,True,71.0,False,0,101
FD001,EWMA_Control_Limits,33,True,20.0,False,0,99
FD001,EWMA_Control_Limits,42,True,29.0,False,0,95
FD001,EWMA_Control_Limits,47,True,28.0,False,0,113
FD001,EWMA_Control_Limits,51,True,17.0,False,0,112
FD001,EWMA_Control_Limits,60,True,38.0,False,0,71
FD001,EWMA_Control_Limits,61,True,18.0,False,0,84
FD001,EWMA_Control_Limits,64,True,62.0,False,0,182
FD001,EWMA_Control_Limits,65,True,18.0,False,0,52
FD001,EWMA_Control_Limits,78,True,26.0,False,0,130
FD001,EWMA_Control_Limits,81,True,52.0,False,0,139
FD001,EWMA_Control_Limits,91,True,56.0,False,0,34
FD001,EWMA_Control_Limits,96,True,56.0,False,0,235
FD001,EWMA_Control_Limits,98,True,18.0,False,0,55
FD001,EWMA_Control_Limits,5,True,33.0,False,0,168
FD001,EWMA_Control_Limits,8,True,43.0,False,0,49
FD001,EWMA_Control_Limits,15,True,28.0,False,0,106
FD001,EWMA_Control_Limits,23,True,41.0,False,0,67
FD001,EWMA_Control_Limits,27,True,29.0,False,0,55
FD001,EWMA_Control_Limits,32,True,51.0,False,0,90
FD001,EWMA_Control_Limits,34,True,36.0,False,0,94
FD001,EWMA_Control_Limits,35,True,31.0,False,0,80
FD001,EWMA_Control_Limits,38,True,45.0,False,0,93
FD001,EWMA_Control_Limits,46,True,34.0,False,0,155
FD001,EWMA_Control_Limits,52,True,47.0,False,0,112
FD001,EWMA_Control_Limits,59,True,26.0,False,0,130
FD001,EWMA_Control_Limits,67,True,68.0,False,0,212
FD001,EWMA_Control_Limits,68,True,39.0,False,0,98
FD001,EWMA_Control_Limits,70,True,23.0,False,0,36
FD001,EWMA_Control_Limits,74,True,22.0,False,0,65
FD001,EWMA_Control_Limits,82,True,18.0,False,0,113
FD001,EWMA_Control_Limits,89,True,28.0,False,0,116
FD001,EWMA_Control_Limits,95,True,39.0,False,0,182
FD001,EWMA_Control_Limits,99,True,25.0,False,0,84
FD001,EWMA_Control_Limits,2,True,40.0,False,0,186
FD001,EWMA_Control_Limits,4,True,23.0,False,0,88
FD001,EWMA_Control_Limits,6,True,66.0,False,0,87
FD001,EWMA_Control_Limits,9,True,14.0,False,0,100
FD001,EWMA_Control_Limits,20,True,57.0,False,0,133
FD001,EWMA_Control_Limits,30,True,21.0,False,0,93
FD001,EWMA_Control_Limits,36,True,43.0,False,0,57
FD001,EWMA_Control_Limits,45,True,21.0,False,0,57
FD001,EWMA_Control_Limits,50,True,37.0,False,0,97
FD001,EWMA_Control_Limits,54,True,33.0,False,0,156
FD001,EWMA_Control_Limits,56,True,77.0,False,0,174
FD001,EWMA_Control_Limits,57,True,27.0,False,0,36
FD001,EWMA_Control_Limits,63,True,31.0,False,0,73
FD001,EWMA_Control_Limits,71,True,38.0,False,0,107
FD001,EWMA_Control_Limits,72,True,45.0,False,0,112
FD001,EWMA_Control_Limits,75,True,85.0,False,0,128
FD001,EWMA_Control_Limits,83,True,30.0,False,0,192
FD001,EWMA_Control_Limits,87,True,39.0,False,0,77
FD001,EWMA_Control_Limits,90,True,20.0,False,0,53
FD001,EWMA_Control_Limits,97,True,20.0,False,0,101
FD002,IsolationForest,1,True,49.0,False,0,19
FD002,IsolationForest,2,False,0.0,True,11,139
FD002,IsolationForest,3,True,36.0,False,0,76
FD002,IsolationForest,4,True,84.0,False,0,105
FD002,IsolationForest,5,True,47.0,False,0,24
FD002,IsolationForest,6,True,38.0,False,0,45
FD002,IsolationForest,7,True,47.0,False,0,44
FD002,IsolationForest,8,True,38.0,False,0,21
FD002,IsolationForest,9,True,67.0,False,0,69
FD002,IsolationForest,10,True,36.0,False,0,54
FD002,IsolationForest,11,True,82.0,False,0,141
FD002,IsolationForest,12,True,38.0,False,0,119
FD002,IsolationForest,13,True,35.0,False,0,97
FD002,IsolationForest,14,True,64.0,False,0,63
FD002,IsolationForest,15,True,51.0,False,0,79
FD002,IsolationForest,16,True,26.0,False,0,24
FD002,IsolationForest,17,True,42.0,False,0,50
FD002,IsolationForest,18,True,44.0,False,0,79
FD002,IsolationForest,19,True,73.0,False,0,33
FD002,IsolationForest,20,True,54.0,False,0,24
FD002,IsolationForest,21,True,48.0,False,0,59
FD002,IsolationForest,22,True,35.0,False,0,62
FD002,IsolationForest,23,True,61.0,False,0,81
FD002,IsolationForest,24,True,70.0,False,0,61
FD002,IsolationForest,25,True,59.0,False,0,75
FD002,IsolationForest,26,True,41.0,False,0,57
FD002,IsolationForest,27,True,47.0,False,0,46
FD002,IsolationForest,28,True,67.0,False,0,70
FD002,IsolationForest,29,True,21.0,False,0,21
FD002,IsolationForest,30,True,38.0,False,0,36
FD002,IsolationForest,31,False,0.0,True,47,213
FD002,IsolationForest,32,False,0.0,True,25,151
FD002,IsolationForest,33,True,46.0,False,0,65
FD002,IsolationForest,34,True,33.0,False,0,75
FD002,IsolationForest,35,True,53.0,False,0,66
FD002,IsolationForest,36,True,53.0,False,0,73
FD002,IsolationForest,37,True,40.0,False,0,80
FD002,IsolationForest,38,True,30.0,False,0,47
FD002,IsolationForest,39,True,42.0,False,0,84
FD002,IsolationForest,40,False,0.0,True,49,63
FD002,IsolationForest,41,True,66.0,False,0,132
FD002,IsolationForest,42,False,0.0,True,27,91
FD002,IsolationForest,43,True,91.0,False,0,81
FD002,IsolationForest,44,True,84.0,False,0,75
FD002,IsolationForest,45,True,32.0,False,0,21
FD002,IsolationForest,46,True,80.0,False,0,71
FD002,IsolationForest,47,False,0.0,True,13,116
FD002,IsolationForest,48,True,70.0,False,0,109
FD002,IsolationForest,49,False,0.0,True,33,38
FD002,IsolationForest,50,True,34.0,False,0,92
FD002,IsolationForest,51,True,58.0,False,0,163
FD002,IsolationForest,52,True,55.0,False,0,44
FD002,IsolationForest,53,True,24.0,False,0,18
FD002,IsolationForest,54,False,0.0,True,16,69
FD002,IsolationForest,55,True,49.0,False,0,29
FD002,IsolationForest,56,True,66.0,False,0,33
FD002,IsolationForest,57,True,20.0,False,0,10
FD002,IsolationForest,58,True,29.0,False,0,32
FD002,IsolationForest,59,True,100.0,False,0,64
FD002,IsolationForest,60,True,94.0,False,0,47
FD002,IsolationForest,61,True,83.0,False,0,88
FD002,IsolationForest,62,True,71.0,False,0,54
FD002,IsolationForest,63,True,44.0,False,0,38
FD002,IsolationForest,64,True,57.0,False,0,152
FD002,IsolationForest,65,False,0.0,True,1,76
FD002,IsolationForest,66,True,43.0,False,0,40
FD002,IsolationForest,67,True,21.0,False,0,15
FD002,IsolationForest,68,True,59.0,False,0,55
FD002,IsolationForest,69,True,57.0,False,0,6
FD002,IsolationForest,70,True,45.0,False,0,26
FD002,IsolationForest,71,False,0.0,True,25,64
FD002,IsolationForest,72,True,79.0,False,0,66
FD002,IsolationForest,73,True,69.0,False,0,109
FD002,IsolationForest,74,True,26.0,False,0,28
FD002,IsolationForest,75,True,82.0,False,0,101
FD002,IsolationForest,76,True,38.0,False,0,114
FD002,IsolationForest,77,True,45.0,False,0,55
FD002,IsolationForest,78,True,47.0,False,0,31
FD002,IsolationForest,79,True,36.0,False,0,51
FD002,IsolationForest,80,True,66.0,False,0,91
FD002,IsolationForest,81,False,0.0,True,2,158
FD002,IsolationForest,82,False,0.0,True,3,70
FD002,IsolationForest,83,True,79.0,False,0,40
FD002,IsolationForest,84,True,84.0,False,0,129
FD002,IsolationForest,85,False,0.0,True,63,217
FD002,IsolationForest,86,True,44.0,False,0,60
FD002,IsolationForest,87,True,30.0,False,0,40
FD002,IsolationForest,88,True,76.0,False,0,235
FD002,IsolationForest,89,True,77.0,False,0,58
FD002,IsolationForest,90,True,49.0,False,0,58
FD002,IsolationForest,91,True,68.0,False,0,115
FD002,IsolationForest,92,True,69.0,False,0,58
FD002,IsolationForest,93,True,50.0,False,0,59
FD002,IsolationForest,94,True,81.0,False,0,176
FD002,IsolationForest,95,True,73.0,False,0,68
FD002,IsolationForest,96,True,48.0,False,0,78
FD002,IsolationForest,97,True,30.0,False,0,15
FD002,IsolationForest,98,True,43.0,False,0,37
FD002,IsolationForest,99,True,45.0,False,0,72
FD002,IsolationForest,100,True,62.0,False,0,82
FD002,IsolationForest,101,True,61.0,False,0,81
FD002,IsolationForest,102,True,85.0,False,0,34
FD002,IsolationForest,103,True,61.0,False,0,150
FD002,IsolationForest,104,True,91.0,False,0,98
FD002,IsolationForest,105,False,0.0,True,79,173
FD002,IsolationForest,106,True,76.0,False,0,142
FD002,IsolationForest,107,True,37.0,False,0,15
FD002,IsolationForest,108,True,56.0,False,0,26
FD002,IsolationForest,109,True,95.0,False,0,90
FD002,IsolationForest,110,True,67.0,False,0,91
FD002,IsolationForest,111,True,48.0,False,0,70
FD002,IsolationForest,112,False,0.0,True,180,248
FD002,IsolationForest,113,True,59.0,False,0,102
FD002,IsolationForest,114,True,90.0,False,0,73
FD002,IsolationForest,115,True,49.0,False,0,76
FD002,IsolationForest,116,True,52.0,False,0,77
FD002,IsolationForest,117,True,38.0,False,0,47
FD002,IsolationForest,118,True,95.0,False,0,214
FD002,IsolationForest,119,True,45.0,False,0,44
FD002,IsolationForest,120,True,41.0,False,0,0
FD002,IsolationForest,121,True,54.0,False,0,80
FD002,IsolationForest,122,True,41.0,False,0,55
FD002,IsolationForest,123,True,70.0,False,0,96
FD002,IsolationForest,124,False,0.0,True,134,137
FD002,IsolationForest,125,True,31.0,False,0,38
FD002,IsolationForest,126,True,52.0,False,0,69
FD002,IsolationForest,127,True,42.0,False,0,126
FD002,IsolationForest,128,True,68.0,False,0,173
FD002,IsolationForest,129,True,29.0,False,0,72
FD002,IsolationForest,130,True,72.0,False,0,52
FD002,IsolationForest,131,True,76.0,False,0,150
FD002,IsolationForest,132,True,51.0,False,0,53
FD002,IsolationForest,133,True,31.0,False,0,29
FD002,IsolationForest,134,False,0.0,True,113,117
FD002,IsolationForest,135,True,73.0,False,0,164
FD002,IsolationForest,136,True,24.0,False,0,30
FD002,IsolationForest,137,True,71.0,False,0,18
FD002,IsolationForest,138,True,51.0,False,0,70
FD002,IsolationForest,139,True,80.0,False,0,64
FD002,IsolationForest,140,True,34.0,False,0,84
FD002,IsolationForest,141,True,26.0,False,0,33
FD002,IsolationForest,142,True,76.0,False,0,78
FD002,IsolationForest,143,True,39.0,False,0,36
FD002,IsolationForest,144,False,0.0,True,92,94
FD002,IsolationForest,145,False,0.0,True,112,121
FD002,IsolationForest,146,True,48.0,False,0,133
FD002,IsolationForest,147,True,35.0,False,0,77
FD002,IsolationForest,148,False,0.0,True,33,149
FD002,IsolationForest,149,True,82.0,False,0,159
FD002,IsolationForest,150,True,81.0,False,0,92
FD002,IsolationForest,151,True,40.0,False,0,47
FD002,IsolationForest,152,True,63.0,False,0,54
FD002,IsolationForest,153,True,91.0,False,0,162
FD002,IsolationForest,154,True,51.0,False,0,63
FD002,IsolationForest,155,True,30.0,False,0,96
FD002,IsolationForest,156,True,55.0,False,0,169
FD002,IsolationForest,157,True,49.0,False,0,107
FD002,IsolationForest,158,True,48.0,False,0,178
FD002,IsolationForest,159,True,94.0,False,0,111
FD002,IsolationForest,160,True,63.0,False,0,82
FD002,IsolationForest,161,False,0.0,True,26,94
FD002,IsolationForest,162,True,81.0,False,0,64
FD002,IsolationForest,163,True,45.0,False,0,73
FD002,IsolationForest,164,True,84.0,False,0,119
FD002,IsolationForest,165,True,61.0,False,0,35
FD002,IsolationForest,166,False,0.0,True,2,74
FD002,IsolationForest,167,True,45.0,False,0,102
FD002,IsolationForest,168,True,50.0,False,0,87
FD002,IsolationForest,169,True,57.0,False,0,55
FD002,IsolationForest,170,True,49.0,False,0,49
FD002,IsolationForest,171,True,79.0,False,0,128
FD002,IsolationForest,172,True,66.0,False,0,44
FD002,IsolationForest,173,True,26.0,False,0,21
FD002,IsolationForest,174,False,0.0,True,6,63
FD002,IsolationForest,175,True,68.0,False,0,72
FD002,IsolationForest,176,True,47.0,False,0,34
FD002,IsolationForest,177,False,0.0,True,22,51
FD002,IsolationForest,178,True,34.0,False,0,18
FD002,IsolationForest,179,True,84.0,False,0,51
FD002,IsolationForest,180,True,94.0,False,0,167
FD002,IsolationForest,181,True,53.0,False,0,125
FD002,IsolationForest,182,True,33.0,False,0,70
FD002,IsolationForest,183,False,0.0,True,33,77
FD002,IsolationForest,184,True,57.0,False,0,41
FD002,IsolationForest,185,True,55.0,False,0,32
FD002,IsolationForest,186,True,68.0,False,0,64
FD002,IsolationForest,187,True,27.0,False,0,38
FD002,IsolationForest,188,True,26.0,False,0,18
FD002,IsolationForest,189,True,44.0,False,0,79
FD002,IsolationForest,190,True,53.0,False,0,127
FD002,IsolationForest,191,True,76.0,False,0,89
FD002,IsolationForest,192,True,30.0,False,0,3
FD002,IsolationForest,193,True,46.0,False,0,42
FD002,IsolationForest,194,True,34.0,False,0,18
FD002,IsolationForest,195,True,75.0,False,0,60
FD002,IsolationForest,196,False,0.0,True,12,109
FD002,IsolationForest,197,True,39.0,False,0,24
FD002,IsolationForest,198,False,0.0,True,10,75
FD002,IsolationForest,199,True,78.0,False,0,89
FD002,IsolationForest,200,True,63.0,False,0,97
FD002,IsolationForest,201,True,50.0,False,0,61
FD002,IsolationForest,202,True,70.0,False,0,67
FD002,IsolationForest,203,False,0.0,True,23,139
FD002,IsolationForest,204,False,0.0,True,27,107
FD002,IsolationForest,205,True,85.0,False,0,68
FD002,IsolationForest,206,True,74.0,False,0,91
FD002,IsolationForest,207,True,41.0,False,0,54
FD002,IsolationForest,208,True,28.0,False,0,20
FD002,IsolationForest,209,True,62.0,False,0,71
FD002,IsolationForest,210,True,48.0,False,0,54
FD002,IsolationForest,211,True,81.0,False,0,84
FD002,IsolationForest,212,True,24.0,False,0,19
FD002,IsolationForest,213,True,73.0,False,0,66
FD002,IsolationForest,214,True,37.0,False,0,16
FD002,IsolationForest,215,True,81.0,False,0,96
FD002,IsolationForest,216,True,47.0,False,0,99
FD002,IsolationForest,217,True,18.0,False,0,32
FD002,IsolationForest,218,True,76.0,False,0,107
FD002,IsolationForest,219,True,32.0,False,0,26
FD002,IsolationForest,220,True,63.0,False,0,104
FD002,IsolationForest,221,True,65.0,False,0,48
FD002,IsolationForest,222,True,49.0,False,0,65
FD002,IsolationForest,223,True,60.0,False,0,88
FD002,IsolationForest,224,True,42.0,False,0,44
FD002,IsolationForest,225,True,43.0,False,0,26
FD002,IsolationForest,226,True,52.0,False,0,48
FD002,IsolationForest,227,True,68.0,False,0,54
FD002,IsolationForest,228,True,84.0,False,0,132
FD002,IsolationForest,229,True,32.0,False,0,46
FD002,IsolationForest,230,True,43.0,False,0,56
FD002,IsolationForest,231,True,26.0,False,0,14
FD002,IsolationForest,232,True,89.0,False,0,112
FD002,IsolationForest,233,True,45.0,False,0,60
FD002,IsolationForest,234,True,43.0,False,0,29
FD002,IsolationForest,235,True,66.0,False,0,53
FD002,IsolationForest,236,False,0.0,True,29,109
FD002,IsolationForest,237,False,0.0,True,19,79
FD002,IsolationForest,238,True,59.0,False,0,26
FD002,IsolationForest,239,True,74.0,False,0,133
FD002,IsolationForest,240,True,56.0,False,0,136
FD002,IsolationForest,241,True,57.0,False,0,53
FD002,IsolationForest,242,False,0.0,True,2,143
FD002,IsolationForest,243,False,0.0,True,84,100
FD002,IsolationForest,244,True,35.0,False,0,0
FD002,IsolationForest,245,False,0.0,True,1,123
FD002,IsolationForest,246,True,48.0,False,0,64
FD002,IsolationForest,247,True,77.0,False,0,67
FD002,IsolationForest,248,True,73.0,False,0,104
FD002,IsolationForest,249,True,42.0,False,0,72
FD002,IsolationForest,250,True,38.0,False,0,54
FD002,IsolationForest,251,True,88.0,False,0,136
FD002,IsolationForest,252,True,28.0,False,0,5
FD002,IsolationForest,253,True,27.0,False,0,19
FD002,IsolationForest,254,True,62.0,False,0,130
FD002,IsolationForest,255,True,74.0,False,0,210
FD002,IsolationForest,256,True,29.0,False,0,33
FD002,IsolationForest,257,True,93.0,False,0,179
FD002,IsolationForest,258,True,79.0,False,0,13
FD002,IsolationForest,259,True,38.0,False,0,75
FD002,IsolationForest,260,True,99.0,False,0,186
FD002,RandomForest,1,True,25.0,False,0,19
FD002,RandomForest,2,True,32.0,False,0,139
FD002,RandomForest,3,True,22.0,False,0,76
FD002,RandomForest,4,True,35.0,False,0,105
FD002,RandomForest,5,True,20.0,False,0,24
FD002,RandomForest,6,True,24.0,False,0,45
FD002,RandomForest,7,True,17.0,False,0,44
FD002,RandomForest,8,True,18.0,False,0,21
FD002,RandomForest,9,True,28.0,False,0,69
FD002,RandomForest,10,True,29.0,False,0,54
FD002,RandomForest,11,True,35.0,False,0,141
FD002,RandomForest,12,True,33.0,False,0,119
FD002,RandomForest,13,True,22.0,False,0,97
FD002,RandomForest,14,True,30.0,False,0,63
FD002,RandomForest,15,True,24.0,False,0,79
FD002,RandomForest,16,True,19.0,False,0,24
FD002,RandomForest,17,True,15.0,False,0,50
FD002,RandomForest,18,True,40.0,False,0,79
FD002,RandomForest,19,True,24.0,False,0,33
FD002,RandomForest,20,True,25.0,False,0,24
FD002,RandomForest,21,True,16.0,False,0,59
FD002,RandomForest,22,True,29.0,False,0,62
FD002,RandomForest,23,True,23.0,False,0,81
FD002,RandomForest,24,True,23.0,False,0,61
FD002,RandomForest,25,True,24.0,False,0,75
FD002,RandomForest,26,True,29.0,False,0,57
FD002,RandomForest,27,True,23.0,False,0,46
FD002,RandomForest,28,True,35.0,False,0,70
FD002,RandomForest,29,True,16.0,False,0,21
FD002,RandomForest,30,True,19.0,False,0,36
FD002,RandomForest,31,True,41.0,False,0,213
FD002,RandomForest,32,True,45.0,False,0,151
FD002,RandomForest,33,True,30.0,False,0,65
FD002,RandomForest,34,True,20.0,False,0,75
FD002,RandomForest,35,True,27.0,False,0,66
FD002,RandomForest,36,True,25.0,False,0,73
FD002,RandomForest,37,True,31.0,False,0,80
FD002,RandomForest,38,True,23.0,False,0,47
FD002,RandomForest,39,True,19.0,False,0,84
FD002,RandomForest,40,True,40.0,False,0,63
FD002,RandomForest,41,True,32.0,False,0,132
FD002,RandomForest,42,True,46.0,False,0,91
FD002,RandomForest,43,True,25.0,False,0,81
FD002,RandomForest,44,True,25.0,False,0,75
FD002,RandomForest,45,True,22.0,False,0,21
FD002,RandomForest,46,True,24.0,False,0,71
FD002,RandomForest,47,True,33.0,False,0,116
FD002,RandomForest,48,True,35.0,False,0,109
FD002,RandomForest,49,True,21.0,False,0,38
FD002,RandomForest,50,True,25.0,False,0,92
FD002,RandomForest,51,True,32.0,False,0,163
FD002,RandomForest,52,True,25.0,False,0,44
FD002,RandomForest,53,True,18.0,False,0,18
FD002,RandomForest,54,True,50.0,False,0,69
FD002,RandomForest,55,True,21.0,False,0,29
FD002,RandomForest,56,True,37.0,False,0,33
FD002,RandomForest,57,True,15.0,False,0,10
FD002,RandomForest,58,True,17.0,False,0,32
FD002,RandomForest,59,True,27.0,False,0,64
FD002,RandomForest,60,True,41.0,False,0,47
FD002,RandomForest,61,True,29.0,False,0,88
FD002,RandomForest,62,True,32.0,False,0,54
FD002,RandomForest,63,True,25.0,False,0,38
FD002,RandomForest,64,True,33.0,False,0,152
FD002,RandomForest,65,True,37.0,False,0,76
FD002,RandomForest,66,True,19.0,False,0,40
FD002,RandomForest,67,True,15.0,False,0,15
FD002,RandomForest,68,True,20.0,False,0,55
FD002,RandomForest,69,True,25.0,False,0,6
FD002,RandomForest,70,True,22.0,False,0,26
FD002,RandomForest,71,True,26.0,False,0,64
FD002,RandomForest,72,True,56.0,False,0,66
FD002,RandomForest,73,True,31.0,False,0,109
FD002,RandomForest,74,True,22.0,False,0,28
FD002,RandomForest,75,True,35.0,False,0,101
FD002,RandomForest,76,True,35.0,False,0,114
FD002,RandomForest,77,True,28.0,False,0,55
FD002,RandomForest,78,True,22.0,False,0,31
FD002,RandomForest,79,True,31.0,False,0,51
FD002,RandomForest,80,True,24.0,False,0,91
FD002,RandomForest,81,True,34.0,False,0,158
FD002,RandomForest,82,True,49.0,False,0,70
FD002,RandomForest,83,True,31.0,False,0,40
FD002,RandomForest,84,True,34.0,False,0,129
FD002,RandomForest,85,True,64.0,False,0,217
FD002,RandomForest,86,True,29.0,False,0,60
FD002,RandomForest,87,True,20.0,False,0,40
FD002,RandomForest,88,True,33.0,False,0,235
FD002,RandomForest,89,True,46.0,False,0,58
FD002,RandomForest,90,True,21.0,False,0,58
FD002,RandomForest,91,True,37.0,False,0,115
FD002,RandomForest,92,True,33.0,False,0,58
FD002,RandomForest,93,True,30.0,False,0,59
FD002,RandomForest,94,True,37.0,False,0,176
FD002,RandomForest,95,True,27.0,False,0,68
FD002,RandomForest,96,True,21.0,False,0,78
FD002,RandomForest,97,True,18.0,False,0,15
FD002,RandomForest,98,True,32.0,False,0,37
FD002,RandomForest,99,True,25.0,False,0,72
FD002,RandomForest,100,True,27.0,False,0,82
FD002,RandomForest,101,True,29.0,False,0,81
FD002,RandomForest,102,True,27.0,False,0,34
FD002,RandomForest,103,True,31.0,False,0,150
FD002,RandomForest,104,True,24.0,False,0,98
FD002,RandomForest,105,True,44.0,False,0,173
FD002,RandomForest,106,True,22.0,False,0,142
FD002,RandomForest,107,True,22.0,False,0,15
FD002,RandomForest,108,True,21.0,False,0,26
FD002,RandomForest,109,True,32.0,False,0,90
FD002,RandomForest,110,True,30.0,False,0,91
FD002,RandomForest,111,True,22.0,False,0,70
FD002,RandomForest,112,True,47.0,False,0,248
FD002,RandomForest,113,True,39.0,False,0,102
FD002,RandomForest,114,True,24.0,False,0,73
FD002,RandomForest,115,True,23.0,False,0,76
FD002,RandomForest,116,True,21.0,False,0,77
FD002,RandomForest,117,True,30.0,False,0,47
FD002,RandomForest,118,True,38.0,False,0,214
FD002,RandomForest,119,True,20.0,False,0,44
FD002,RandomForest,120,True,19.0,False,0,0
FD002,RandomForest,121,True,32.0,False,0,80
FD002,RandomForest,122,True,25.0,False,0,55
FD002,RandomForest,123,True,30.0,False,0,96
FD002,RandomForest,124,True,26.0,False,0,137
FD002,RandomForest,125,True,20.0,False,0,38
FD002,RandomForest,126,True,31.0,False,0,69
FD002,RandomForest,127,True,35.0,False,0,126
FD002,RandomForest,128,True,37.0,False,0,173
FD002,RandomForest,129,True,23.0,False,0,72
FD002,RandomForest,130,True,21.0,False,0,52
FD002,RandomForest,131,True,41.0,False,0,150
FD002,RandomForest,132,True,23.0,False,0,53
FD002,RandomForest,133,True,21.0,False,0,29
FD002,RandomForest,134,True,26.0,False,0,117
FD002,RandomForest,135,True,36.0,False,0,164
FD002,RandomForest,136,True,20.0,False,0,30
FD002,RandomForest,137,True,28.0,False,0,18
FD002,RandomForest,138,True,23.0,False,0,70
FD002,RandomForest,139,True,30.0,False,0,64
FD002,RandomForest,140,True,24.0,False,0,84
FD002,RandomForest,141,True,16.0,False,0,33
FD002,RandomForest,142,True,42.0,False,0,78
FD002,RandomForest,143,True,22.0,False,0,36
FD002,RandomForest,144,True,34.0,False,0,94
FD002,RandomForest,145,True,25.0,False,0,121
FD002,RandomForest,146,True,20.0,False,0,133
FD002,RandomForest,147,True,25.0,False,0,77
FD002,RandomForest,148,True,44.0,False,0,149
FD002,RandomForest,149,True,24.0,False,0,159
FD002,RandomForest,150,True,30.0,False,0,92
FD002,RandomForest,151,True,24.0,False,0,47
FD002,RandomForest,152,True,21.0,False,0,54
FD002,RandomForest,153,True,55.0,False,0,162
FD002,RandomForest,154,True,36.0,False,0,63
FD002,RandomForest,155,True,16.0,False,0,96
FD002,RandomForest,156,True,23.0,False,0,169
FD002,RandomForest,157,True,26.0,False,0,107
FD002,RandomForest,158,True,36.0,False,0,178
FD002,RandomForest,159,True,42.0,False,0,111
FD002,RandomForest,160,True,24.0,False,0,82
FD002,RandomForest,161,True,46.0,False,0,94
FD002,RandomForest,162,True,27.0,False,0,64
FD002,RandomForest,163,True,24.0,False,0,73
FD002,RandomForest,164,True,50.0,False,0,119
FD002,RandomForest,165,True,29.0,False,0,35
FD002,RandomForest,166,True,50.0,False,0,74
FD002,RandomForest,167,True,30.0,False,0,102
FD002,RandomForest,168,True,29.0,False,0,87
FD002,RandomForest,169,True,24.0,False,0,55
FD002,RandomForest,170,True,27.0,False,0,49
FD002,RandomForest,171,True,26.0,False,0,128
FD002,RandomForest,172,True,32.0,False,0,44
FD002,RandomForest,173,True,19.0,False,0,21
FD002,RandomForest,174,True,28.0,False,0,63
FD002,RandomForest,175,True,24.0,False,0,72
FD002,RandomForest,176,True,24.0,False,0,34
FD002,RandomForest,177,True,22.0,False,0,51
FD002,RandomForest,178,True,26.0,False,0,18
FD002,RandomForest,179,True,31.0,False,0,51
FD002,RandomForest,180,True,30.0,False,0,167
FD002,RandomForest,181,True,26.0,False,0,125
FD002,RandomForest,182,True,22.0,False,0,70
FD002,RandomForest,183,True,43.0,False,0,77
FD002,RandomForest,184,True,27.0,False,0,41
FD002,RandomForest,185,True,19.0,False,0,32
FD002,RandomForest,186,True,24.0,False,0,64
FD002,RandomForest,187,True,19.0,False,0,38
FD002,RandomForest,188,True,17.0,False,0,18
FD002,RandomForest,189,True,30.0,False,0,79
FD002,RandomForest,190,True,32.0,False,0,127
FD002,RandomForest,191,True,22.0,False,0,89
FD002,RandomForest,192,True,19.0,False,0,3
FD002,RandomForest,193,True,21.0,False,0,42
FD002,RandomForest,194,True,27.0,False,0,18
FD002,RandomForest,195,True,20.0,False,0,60
FD002,RandomForest,196,True,42.0,False,0,109
FD002,RandomForest,197,True,23.0,False,0,24
FD002,RandomForest,198,True,44.0,False,0,75
FD002,RandomForest,199,True,29.0,False,0,89
FD002,RandomForest,200,True,34.0,False,0,97
FD002,RandomForest,201,True,26.0,False,0,61
FD002,RandomForest,202,True,40.0,False,0,67
FD002,RandomForest,203,True,64.0,False,0,139
FD002,RandomForest,204,True,37.0,False,0,107
FD002,RandomForest,205,True,50.0,False,0,68
FD002,RandomForest,206,True,22.0,False,0,91
FD002,RandomForest,207,True,29.0,False,0,54
FD002,RandomForest,208,True,23.0,False,0,20
FD002,RandomForest,209,True,29.0,False,0,71
FD002,RandomForest,210,True,20.0,False,0,54
FD002,RandomForest,211,True,26.0,False,0,84
FD002,RandomForest,212,True,20.0,False,0,19
FD002,RandomForest,213,True,25.0,False,0,66
FD002,RandomForest,214,True,26.0,False,0,16
FD002,RandomForest,215,True,26.0,False,0,96
FD002,RandomForest,216,True,18.0,False,0,99
FD002,RandomForest,217,True,13.0,False,0,32
FD002,RandomForest,218,True,39.0,False,0,107
FD002,RandomForest,219,True,23.0,False,0,26
FD002,RandomForest,220,True,32.0,False,0,104
FD002,RandomForest,221,True,31.0,False,0,48
FD002,RandomForest,222,True,27.0,False,0,65
FD002,RandomForest,223,True,28.0,False,0,88
FD002,RandomForest,224,True,31.0,False,0,44
FD002,RandomForest,225,True,20.0,False,0,26
FD002,RandomForest,226,True,27.0,False,0,48
FD002,RandomForest,227,True,28.0,False,0,54
FD002,RandomForest,228,True,46.0,False,0,132
FD002,RandomForest,229,True,28.0,False,0,46
FD002,RandomForest,230,True,21.0,False,0,56
FD002,RandomForest,231,True,21.0,False,0,14
FD002,RandomForest,232,True,38.0,False,0,112
FD002,RandomForest,233,True,23.0,False,0,60
FD002,RandomForest,234,True,35.0,False,0,29
FD002,RandomForest,235,True,27.0,False,0,53
FD002,RandomForest,236,True,41.0,False,0,109
FD002,RandomForest,237,True,32.0,False,0,79
FD002,RandomForest,238,True,24.0,False,0,26
FD002,RandomForest,239,True,33.0,False,0,133
FD002,RandomForest,240,True,33.0,False,0,136
FD002,RandomForest,241,True,25.0,False,0,53
FD002,RandomForest,242,True,29.0,False,0,143
FD002,RandomForest,243,True,46.0,False,0,100
FD002,RandomForest,244,True,22.0,False,0,0
FD002,RandomForest,245,True,44.0,False,0,123
FD002,RandomForest,246,True,32.0,False,0,64
FD002,RandomForest,247,True,38.0,False,0,67
FD002,RandomForest,248,True,35.0,False,0,104
FD002,RandomForest,249,True,23.0,False,0,72
FD002,RandomForest,250,True,19.0,False,0,54
FD002,RandomForest,251,True,29.0,False,0,136
FD002,RandomForest,252,True,20.0,False,0,5
FD002,RandomForest,253,True,24.0,False,0,19
FD002,RandomForest,254,True,35.0,False,0,130
FD002,RandomForest,255,True,44.0,False,0,210
FD002,RandomForest,256,True,17.0,False,0,33
FD002,RandomForest,257,True,35.0,False,0,179
FD002,RandomForest,258,True,28.0,False,0,13
FD002,RandomForest,259,True,19.0,False,0,75
FD002,RandomForest,260,True,46.0,False,0,186
FD002,XGBoost,1,True,24.0,False,0,19
FD002,XGBoost,2,True,32.0,False,0,139
FD002,XGBoost,3,True,35.0,False,0,76
FD002,XGBoost,4,True,39.0,False,0,105
FD002,XGBoost,5,True,23.0,False,0,24
FD002,XGBoost,6,True,32.0,False,0,45
FD002,XGBoost,7,True,20.0,False,0,44
FD002,XGBoost,8,True,19.0,False,0,21
FD002,XGBoost,9,True,27.0,False,0,69
FD002,XGBoost,10,True,30.0,False,0,54
FD002,XGBoost,11,True,37.0,False,0,141
FD002,XGBoost,12,True,36.0,False,0,119
FD002,XGBoost,13,True,33.0,False,0,97
FD002,XGBoost,14,True,33.0,False,0,63
FD002,XGBoost,15,True,24.0,False,0,79
FD002,XGBoost,16,True,21.0,False,0,24
FD002,XGBoost,17,True,27.0,False,0,50
FD002,XGBoost,18,True,42.0,False,0,79
FD002,XGBoost,19,True,25.0,False,0,33
FD002,XGBoost,20,True,26.0,False,0,24
FD002,XGBoost,21,True,17.0,False,0,59
FD002,XGBoost,22,True,29.0,False,0,62
FD002,XGBoost,23,True,25.0,False,0,81
FD002,XGBoost,24,True,27.0,False,0,61
FD002,XGBoost,25,True,23.0,False,0,75
FD002,XGBoost,26,True,33.0,False,0,57
FD002,XGBoost,27,True,26.0,False,0,46
FD002,XGBoost,28,True,32.0,False,0,70
FD002,XGBoost,29,True,21.0,False,0,21
FD002,XGBoost,30,True,24.0,False,0,36
FD002,XGBoost,31,True,37.0,False,0,213
FD002,XGBoost,32,True,45.0,False,0,151
FD002,XGBoost,33,True,38.0,False,0,65
FD002,XGBoost,34,True,31.0,False,0,75
FD002,XGBoost,35,True,26.0,False,0,66
FD002,XGBoost,36,True,36.0,False,0,73
FD002,XGBoost,37,True,32.0,False,0,80
FD002,XGBoost,38,True,28.0,False,0,47
FD002,XGBoost,39,True,16.0,False,0,84
FD002,XGBoost,40,True,38.0,False,0,63
FD002,XGBoost,41,True,32.0,False,0,132
FD002,XGBoost,42,True,42.0,False,0,91
FD002,XGBoost,43,True,25.0,False,0,81
FD002,XGBoost,44,True,27.0,False,0,75
FD002,XGBoost,45,True,23.0,False,0,21
FD002,XGBoost,46,True,28.0,False,0,71
FD002,XGBoost,47,True,33.0,False,0,116
FD002,XGBoost,48,True,37.0,False,0,109
FD002,XGBoost,49,True,26.0,False,0,38
FD002,XGBoost,50,True,34.0,False,0,92
FD002,XGBoost,51,True,32.0,False,0,163
FD002,XGBoost,52,True,33.0,False,0,44
FD002,XGBoost,53,True,24.0,False,0,18
FD002,XGBoost,54,True,46.0,False,0,69
FD002,XGBoost,55,True,24.0,False,0,29
FD002,XGBoost,56,True,25.0,False,0,33
FD002,XGBoost,57,True,18.0,False,0,10
FD002,XGBoost,58,True,22.0,False,0,32
FD002,XGBoost,59,True,27.0,False,0,64
FD002,XGBoost,60,True,41.0,False,0,47
FD002,XGBoost,61,True,31.0,False,0,88
FD002,XGBoost,62,True,32.0,False,0,54
FD002,XGBoost,63,True,24.0,False,0,38
FD002,XGBoost,64,True,32.0,False,0,152
FD002,XGBoost,65,True,34.0,False,0,76
FD002,XGBoost,66,True,35.0,False,0,40
FD002,XGBoost,67,True,16.0,False,0,15
FD002,XGBoost,68,True,26.0,False,0,55
FD002,XGBoost,69,True,26.0,False,0,6
FD002,XGBoost,70,True,29.0,False,0,26
FD002,XGBoost,71,True,30.0,False,0,64
FD002,XGBoost,72,True,28.0,False,0,66
FD002,XGBoost,73,True,30.0,False,0,109
FD002,XGBoost,74,True,25.0,False,0,28
FD002,XGBoost,75,True,35.0,False,0,101
FD002,XGBoost,76,True,36.0,False,0,114
FD002,XGBoost,77,True,28.0,False,0,55
FD002,XGBoost,78,True,23.0,False,0,31
FD002,XGBoost,79,True,35.0,False,0,51
FD002,XGBoost,80,True,23.0,False,0,91
FD002,XGBoost,81,True,36.0,False,0,158
FD002,XGBoost,82,True,39.0,False,0,70
FD002,XGBoost,83,True,28.0,False,0,40
FD002,XGBoost,84,True,31.0,False,0,129
FD002,XGBoost,85,True,59.0,False,0,217
FD002,XGBoost,86,True,32.0,False,0,60
FD002,XGBoost,87,True,22.0,False,0,40
FD002,XGBoost,88,True,33.0,False,0,235
FD002,XGBoost,89,True,46.0,False,0,58
FD002,XGBoost,90,True,21.0,False,0,58
FD002,XGBoost,91,True,38.0,False,0,115
FD002,XGBoost,92,True,32.0,False,0,58
FD002,XGBoost,93,True,34.0,False,0,59
FD002,XGBoost,94,True,37.0,False,0,176
FD002,XGBoost,95,True,31.0,False,0,68
FD002,XGBoost,96,True,23.0,False,0,78
FD002,XGBoost,97,True,18.0,False,0,15
FD002,XGBoost,98,True,32.0,False,0,37
FD002,XGBoost,99,True,25.0,False,0,72
FD002,XGBoost,100,True,30.0,False,0,82
FD002,XGBoost,101,True,29.0,False,0,81
FD002,XGBoost,102,True,29.0,False,0,34
FD002,XGBoost,103,True,31.0,False,0,150
FD002,XGBoost,104,True,24.0,False,0,98
FD002,XGBoost,105,True,44.0,False,0,173
FD002,XGBoost,106,True,21.0,False,0,142
FD002,XGBoost,107,True,30.0,False,0,15
FD002,XGBoost,108,True,18.0,False,0,26
FD002,XGBoost,109,True,29.0,False,0,90
FD002,XGBoost,110,True,30.0,False,0,91
FD002,XGBoost,111,True,29.0,False,0,70
FD002,XGBoost,112,True,47.0,False,0,248
FD002,XGBoost,113,True,37.0,False,0,102
FD002,XGBoost,114,True,29.0,False,0,73
FD002,XGBoost,115,True,23.0,False,0,76
FD002,XGBoost,116,True,19.0,False,0,77
FD002,XGBoost,117,True,38.0,False,0,47
FD002,XGBoost,118,True,38.0,False,0,214
FD002,XGBoost,119,True,27.0,False,0,44
FD002,XGBoost,120,True,19.0,False,0,0
FD002,XGBoost,121,True,42.0,False,0,80
FD002,XGBoost,122,True,25.0,False,0,55
FD002,XGBoost,123,True,31.0,False,0,96
FD002,XGBoost,124,True,29.0,False,0,137
FD002,XGBoost,125,True,23.0,False,0,38
FD002,XGBoost,126,True,33.0,False,0,69
FD002,XGBoost,127,True,43.0,False,0,126
FD002,XGBoost,128,True,37.0,False,0,173
FD002,XGBoost,129,True,23.0,False,0,72
FD002,XGBoost,130,True,27.0,False,0,52
FD002,XGBoost,131,True,41.0,False,0,150
FD002,XGBoost,132,True,22.0,False,0,53
FD002,XGBoost,133,True,22.0,False,0,29
FD002,XGBoost,134,True,26.0,False,0,117
FD002,XGBoost,135,True,32.0,False,0,164
FD002,XGBoost,136,True,26.0,False,0,30
FD002,XGBoost,137,True,24.0,False,0,18
FD002,XGBoost,138,True,21.0,False,0,70
FD002,XGBoost,139,True,30.0,False,0,64
FD002,XGBoost,140,True,24.0,False,0,84
FD002,XGBoost,141,True,23.0,False,0,33
FD002,XGBoost,142,True,41.0,False,0,78
FD002,XGBoost,143,True,23.0,False,0,36
FD002,XGBoost,144,True,32.0,False,0,94
FD002,XGBoost,145,True,38.0,False,0,121
FD002,XGBoost,146,True,30.0,False,0,133
FD002,XGBoost,147,True,27.0,False,0,77
FD002,XGBoost,148,True,45.0,False,0,149
FD002,XGBoost,149,True,25.0,False,0,159
FD002,XGBoost,150,True,30.0,False,0,92
FD002,XGBoost,151,True,24.0,False,0,47
FD002,XGBoost,152,True,21.0,False,0,54
FD002,XGBoost,153,True,55.0,False,0,162
FD002,XGBoost,154,True,37.0,False,0,63
FD002,XGBoost,155,True,27.0,False,0,96
FD002,XGBoost,156,True,23.0,False,0,169
FD002,XGBoost,157,True,25.0,False,0,107
FD002,XGBoost,158,True,36.0,False,0,178
FD002,XGBoost,159,True,39.0,False,0,111
FD002,XGBoost,160,True,26.0,False,0,82
FD002,XGBoost,161,True,40.0,False,0,94
FD002,XGBoost,162,True,28.0,False,0,64
FD002,XGBoost,163,True,24.0,False,0,73
FD002,XGBoost,164,True,46.0,False,0,119
FD002,XGBoost,165,True,30.0,False,0,35
FD002,XGBoost,166,True,38.0,False,0,74
FD002,XGBoost,167,True,36.0,False,0,102
FD002,XGBoost,168,True,30.0,False,0,87
FD002,XGBoost,169,True,24.0,False,0,55
FD002,XGBoost,170,True,27.0,False,0,49
FD002,XGBoost,171,True,30.0,False,0,128
FD002,XGBoost,172,True,32.0,False,0,44
FD002,XGBoost,173,True,21.0,False,0,21
FD002,XGBoost,174,True,30.0,False,0,63
FD002,XGBoost,175,True,24.0,False,0,72
FD002,XGBoost,176,True,27.0,False,0,34
FD002,XGBoost,177,True,20.0,False,0,51
FD002,XGBoost,178,True,28.0,False,0,18
FD002,XGBoost,179,True,31.0,False,0,51
FD002,XGBoost,180,True,30.0,False,0,167
FD002,XGBoost,181,True,24.0,False,0,125
FD002,XGBoost,182,True,30.0,False,0,70
FD002,XGBoost,183,True,41.0,False,0,77
FD002,XGBoost,184,True,31.0,False,0,41
FD002,XGBoost,185,True,34.0,False,0,32
FD002,XGBoost,186,True,32.0,False,0,64
FD002,XGBoost,187,True,26.0,False,0,38
FD002,XGBoost,188,True,19.0,False,0,18
FD002,XGBoost,189,True,30.0,False,0,79
FD002,XGBoost,190,True,33.0,False,0,127
FD002,XGBoost,191,True,27.0,False,0,89
FD002,XGBoost,192,True,31.0,False,0,3
FD002,XGBoost,193,True,26.0,False,0,42
FD002,XGBoost,194,True,29.0,False,0,18
FD002,XGBoost,195,True,20.0,False,0,60
FD002,XGBoost,196,True,33.0,False,0,109
FD002,XGBoost,197,True,23.0,False,0,24
FD002,XGBoost,198,True,43.0,False,0,75
FD002,XGBoost,199,True,29.0,False,0,89
FD002,XGBoost,200,True,33.0,False,0,97
FD002,XGBoost,201,True,31.0,False,0,61
FD002,XGBoost,202,True,34.0,False,0,67
FD002,XGBoost,203,True,62.0,False,0,139
FD002,XGBoost,204,True,40.0,False,0,107
FD002,XGBoost,205,True,34.0,False,0,68
FD002,XGBoost,206,True,22.0,False,0,91
FD002,XGBoost,207,True,29.0,False,0,54
FD002,XGBoost,208,True,24.0,False,0,20
FD002,XGBoost,209,True,27.0,False,0,71
FD002,XGBoost,210,True,27.0,False,0,54
FD002,XGBoost,211,True,27.0,False,0,84
FD002,XGBoost,212,True,31.0,False,0,19
FD002,XGBoost,213,True,29.0,False,0,66
FD002,XGBoost,214,True,30.0,False,0,16
FD002,XGBoost,215,True,29.0,False,0,96
FD002,XGBoost,216,True,18.0,False,0,99
FD002,XGBoost,217,True,16.0,False,0,32
FD002,XGBoost,218,True,42.0,False,0,107
FD002,XGBoost,219,True,24.0,False,0,26
FD002,XGBoost,220,True,51.0,False,0,104
FD002,XGBoost,221,True,26.0,False,0,48
FD002,XGBoost,222,True,30.0,False,0,65
FD002,XGBoost,223,True,29.0,False,0,88
FD002,XGBoost,224,True,35.0,False,0,44
FD002,XGBoost,225,True,20.0,False,0,26
FD002,XGBoost,226,True,26.0,False,0,48
FD002,XGBoost,227,True,28.0,False,0,54
FD002,XGBoost,228,True,41.0,False,0,132
FD002,XGBoost,229,True,28.0,False,0,46
FD002,XGBoost,230,True,21.0,False,0,56
FD002,XGBoost,231,True,28.0,False,0,14
FD002,XGBoost,232,True,34.0,False,0,112
FD002,XGBoost,233,True,30.0,False,0,60
FD002,XGBoost,234,True,37.0,False,0,29
FD002,XGBoost,235,True,36.0,False,0,53
FD002,XGBoost,236,True,40.0,False,0,109
FD002,XGBoost,237,True,30.0,False,0,79
FD002,XGBoost,238,True,24.0,False,0,26
FD002,XGBoost,239,True,31.0,False,0,133
FD002,XGBoost,240,True,33.0,False,0,136
FD002,XGBoost,241,True,23.0,False,0,53
FD002,XGBoost,242,True,39.0,False,0,143
FD002,XGBoost,243,True,44.0,False,0,100
FD002,XGBoost,244,True,25.0,False,0,0
FD002,XGBoost,245,True,33.0,False,0,123
FD002,XGBoost,246,True,32.0,False,0,64
FD002,XGBoost,247,True,32.0,False,0,67
FD002,XGBoost,248,True,35.0,False,0,104
FD002,XGBoost,249,True,25.0,False,0,72
FD002,XGBoost,250,True,20.0,False,0,54
FD002,XGBoost,251,True,29.0,False,0,136
FD002,XGBoost,252,True,22.0,False,0,5
FD002,XGBoost,253,True,27.0,False,0,19
FD002,XGBoost,254,True,35.0,False,0,130
FD002,XGBoost,255,True,44.0,False,0,210
FD002,XGBoost,256,True,27.0,False,0,33
FD002,XGBoost,257,True,35.0,False,0,179
FD002,XGBoost,258,True,28.0,False,0,13
FD002,XGBoost,259,True,23.0,False,0,75
FD002,XGBoost,260,True,46.0,False,0,186
FD002,LSTM,1,True,21.0,False,0,19
FD002,LSTM,2,True,30.0,False,0,139
FD002,LSTM,3,True,25.0,False,0,76
FD002,LSTM,4,True,33.0,False,0,105
FD002,LSTM,5,True,23.0,False,0,24
FD002,LSTM,6,True,30.0,False,0,45
FD002,LSTM,7,True,21.0,False,0,44
FD002,LSTM,8,True,18.0,False,0,21
FD002,LSTM,9,True,26.0,False,0,69
FD002,LSTM,10,True,29.0,False,0,54
FD002,LSTM,11,True,39.0,False,0,141
FD002,LSTM,12,True,34.0,False,0,119
FD002,LSTM,13,True,25.0,False,0,97
FD002,LSTM,14,True,26.0,False,0,63
FD002,LSTM,15,True,24.0,False,0,79
FD002,LSTM,16,True,26.0,False,0,24
FD002,LSTM,17,True,16.0,False,0,50
FD002,LSTM,18,True,39.0,False,0,79
FD002,LSTM,19,True,24.0,False,0,33
FD002,LSTM,20,True,27.0,False,0,24
FD002,LSTM,21,True,16.0,False,0,59
FD002,LSTM,22,True,25.0,False,0,62
FD002,LSTM,23,True,24.0,False,0,81
FD002,LSTM,24,True,29.0,False,0,61
FD002,LSTM,25,True,26.0,False,0,75
FD002,LSTM,26,True,33.0,False,0,57
FD002,LSTM,27,True,24.0,False,0,46
FD002,LSTM,28,True,33.0,False,0,70
FD002,LSTM,29,True,21.0,False,0,21
FD002,LSTM,30,True,22.0,False,0,36
FD002,LSTM,31,True,46.0,False,0,213
FD002,LSTM,32,True,40.0,False,0,151
FD002,LSTM,33,True,34.0,False,0,65
FD002,LSTM,34,True,30.0,False,0,75
FD002,LSTM,35,True,26.0,False,0,66
FD002,LSTM,36,True,34.0,False,0,73
FD002,LSTM,37,True,37.0,False,0,80
FD002,LSTM,38,True,26.0,False,0,47
FD002,LSTM,39,True,18.0,False,0,84
FD002,LSTM,40,True,41.0,False,0,63
FD002,LSTM,41,True,31.0,False,0,132
FD002,LSTM,42,True,41.0,False,0,91
FD002,LSTM,43,True,33.0,False,0,81
FD002,LSTM,44,True,27.0,False,0,75
FD002,LSTM,45,True,20.0,False,0,21
FD002,LSTM,46,True,28.0,False,0,71
FD002,LSTM,47,True,29.0,False,0,116
FD002,LSTM,48,True,28.0,False,0,109
FD002,LSTM,49,True,23.0,False,0,38
FD002,LSTM,50,True,34.0,False,0,92
FD002,LSTM,51,True,25.0,False,0,163
FD002,LSTM,52,True,23.0,False,0,44
FD002,LSTM,53,True,23.0,False,0,18
FD002,LSTM,54,True,46.0,False,0,69
FD002,LSTM,55,True,22.0,False,0,29
FD002,LSTM,56,True,37.0,False,0,33
FD002,LSTM,57,True,19.0,False,0,10
FD002,LSTM,58,True,22.0,False,0,32
FD002,LSTM,59,True,27.0,False,0,64
FD002,LSTM,60,True,48.0,False,0,47
FD002,LSTM,61,True,32.0,False,0,88
FD002,LSTM,62,True,26.0,False,0,54
FD002,LSTM,63,True,36.0,False,0,38
FD002,LSTM,64,True,32.0,False,0,152
FD002,LSTM,65,True,36.0,False,0,76
FD002,LSTM,66,True,18.0,False,0,40
FD002,LSTM,67,True,16.0,False,0,15
FD002,LSTM,68,True,25.0,False,0,55
FD002,LSTM,69,True,28.0,False,0,6
FD002,LSTM,70,True,25.0,False,0,26
FD002,LSTM,71,True,30.0,False,0,64
FD002,LSTM,72,True,60.0,False,0,66
FD002,LSTM,73,True,33.0,False,0,109
FD002,LSTM,74,True,24.0,False,0,28
FD002,LSTM,75,True,36.0,False,0,101
FD002,LSTM,76,True,36.0,False,0,114
FD002,LSTM,77,True,41.0,False,0,55
FD002,LSTM,78,True,23.0,False,0,31
FD002,LSTM,79,True,29.0,False,0,51
FD002,LSTM,80,True,26.0,False,0,91
FD002,LSTM,81,True,39.0,False,0,158
FD002,LSTM,82,True,42.0,False,0,70
FD002,LSTM,83,True,26.0,False,0,40
FD002,LSTM,84,True,32.0,False,0,129
FD002,LSTM,85,True,57.0,False,0,217
FD002,LSTM,86,True,39.0,False,0,60
FD002,LSTM,87,True,20.0,False,0,40
FD002,LSTM,88,True,43.0,False,0,235
FD002,LSTM,89,True,46.0,False,0,58
FD002,LSTM,90,True,22.0,False,0,58
FD002,LSTM,91,True,38.0,False,0,115
FD002,LSTM,92,True,37.0,False,0,58
FD002,LSTM,93,True,34.0,False,0,59
FD002,LSTM,94,True,41.0,False,0,176
FD002,LSTM,95,True,28.0,False,0,68
FD002,LSTM,96,True,21.0,False,0,78
FD002,LSTM,97,True,22.0,False,0,15
FD002,LSTM,98,True,35.0,False,0,37
FD002,LSTM,99,True,25.0,False,0,72
FD002,LSTM,100,True,26.0,False,0,82
FD002,LSTM,101,True,27.0,False,0,81
FD002,LSTM,102,True,28.0,False,0,34
FD002,LSTM,103,True,31.0,False,0,150
FD002,LSTM,104,True,27.0,False,0,98
FD002,LSTM,105,True,53.0,False,0,173
FD002,LSTM,106,True,20.0,False,0,142
FD002,LSTM,107,True,28.0,False,0,15
FD002,LSTM,108,True,21.0,False,0,26
FD002,LSTM,109,True,30.0,False,0,90
FD002,LSTM,110,True,27.0,False,0,91
FD002,LSTM,111,True,29.0,False,0,70
FD002,LSTM,112,True,49.0,False,0,248
FD002,LSTM,113,True,29.0,False,0,102
FD002,LSTM,114,True,26.0,False,0,73
FD002,LSTM,115,True,25.0,False,0,76
FD002,LSTM,116,True,46.0,False,0,77
FD002,LSTM,117,True,26.0,False,0,47
FD002,LSTM,118,True,35.0,False,0,214
FD002,LSTM,119,True,21.0,False,0,44
FD002,LSTM,120,True,19.0,False,0,0
FD002,LSTM,121,True,25.0,False,0,80
FD002,LSTM,122,True,25.0,False,0,55
FD002,LSTM,123,True,31.0,False,0,96
FD002,LSTM,124,True,36.0,False,0,137
FD002,LSTM,125,True,31.0,False,0,38
FD002,LSTM,126,True,37.0,False,0,69
FD002,LSTM,127,True,44.0,False,0,126
FD002,LSTM,128,True,32.0,False,0,173
FD002,LSTM,129,True,23.0,False,0,72
FD002,LSTM,130,True,40.0,False,0,52
FD002,LSTM,131,True,40.0,False,0,150
FD002,LSTM,132,True,16.0,False,0,53
FD002,LSTM,133,True,28.0,False,0,29
FD002,LSTM,134,True,28.0,False,0,117
FD002,LSTM,135,True,48.0,False,0,164
FD002,LSTM,136,True,29.0,False,0,30
FD002,LSTM,137,True,26.0,False,0,18
FD002,LSTM,138,True,21.0,False,0,70
FD002,LSTM,139,True,29.0,False,0,64
FD002,LSTM,140,True,29.0,False,0,84
FD002,LSTM,141,True,16.0,False,0,33
FD002,LSTM,142,True,23.0,False,0,78
FD002,LSTM,143,True,29.0,False,0,36
FD002,LSTM,144,True,30.0,False,0,94
FD002,LSTM,145,True,23.0,False,0,121
FD002,LSTM,146,True,43.0,False,0,133
FD002,LSTM,147,True,29.0,False,0,77
FD002,LSTM,148,True,54.0,False,0,149
FD002,LSTM,149,True,30.0,False,0,159
FD002,LSTM,150,True,29.0,False,0,92
FD002,LSTM,151,True,22.0,False,0,47
FD002,LSTM,152,True,45.0,False,0,54
FD002,LSTM,153,True,59.0,False,0,162
FD002,LSTM,154,True,26.0,False,0,63
FD002,LSTM,155,True,27.0,False,0,96
FD002,LSTM,156,True,22.0,False,0,169
FD002,LSTM,157,True,26.0,False,0,107
FD002,LSTM,158,True,34.0,False,0,178
FD002,LSTM,159,True,33.0,False,0,111
FD002,LSTM,160,True,29.0,False,0,82
FD002,LSTM,161,True,41.0,False,0,94
FD002,LSTM,162,True,28.0,False,0,64
FD002,LSTM,163,True,27.0,False,0,73
FD002,LSTM,164,True,46.0,False,0,119
FD002,LSTM,165,True,25.0,False,0,35
FD002,LSTM,166,True,40.0,False,0,74
FD002,LSTM,167,True,21.0,False,0,102
FD002,LSTM,168,True,32.0,False,0,87
FD002,LSTM,169,True,24.0,False,0,55
FD002,LSTM,170,True,26.0,False,0,49
FD002,LSTM,171,True,30.0,False,0,128
FD002,LSTM,172,True,30.0,False,0,44
FD002,LSTM,173,True,20.0,False,0,21
FD002,LSTM,174,True,28.0,False,0,63
FD002,LSTM,175,True,28.0,False,0,72
FD002,LSTM,176,True,25.0,False,0,34
FD002,LSTM,177,True,18.0,False,0,51
FD002,LSTM,178,True,20.0,False,0,18
FD002,LSTM,179,True,33.0,False,0,51
FD002,LSTM,180,True,33.0,False,0,167
FD002,LSTM,181,True,25.0,False,0,125
FD002,LSTM,182,True,19.0,False,0,70
FD002,LSTM,183,True,35.0,False,0,77
FD002,LSTM,184,True,31.0,False,0,41
FD002,LSTM,185,True,32.0,False,0,32
FD002,LSTM,186,True,22.0,False,0,64
FD002,LSTM,187,True,26.0,False,0,38
FD002,LSTM,188,True,14.0,False,0,18
FD002,LSTM,189,True,40.0,False,0,79
FD002,LSTM,190,True,27.0,False,0,127
FD002,LSTM,191,True,27.0,False,0,89
FD002,LSTM,192,True,24.0,False,0,3
FD002,LSTM,193,True,25.0,False,0,42
FD002,LSTM,194,True,28.0,False,0,18
FD002,LSTM,195,True,20.0,False,0,60
FD002,LSTM,196,True,35.0,False,0,109
FD002,LSTM,197,True,22.0,False,0,24
FD002,LSTM,198,True,43.0,False,0,75
FD002,LSTM,199,True,18.0,False,0,89
FD002,LSTM,200,True,41.0,False,0,97
FD002,LSTM,201,True,25.0,False,0,61
FD002,LSTM,202,True,33.0,False,0,67
FD002,LSTM,203,True,43.0,False,0,139
FD002,LSTM,204,True,39.0,False,0,107
FD002,LSTM,205,True,37.0,False,0,68
FD002,LSTM,206,True,30.0,False,0,91
FD002,LSTM,207,True,38.0,False,0,54
FD002,LSTM,208,True,23.0,False,0,20
FD002,LSTM,209,True,28.0,False,0,71
FD002,LSTM,210,True,20.0,False,0,54
FD002,LSTM,211,True,25.0,False,0,84
FD002,LSTM,212,True,29.0,False,0,19
FD002,LSTM,213,True,28.0,False,0,66
FD002,LSTM,214,True,26.0,False,0,16
FD002,LSTM,215,True,36.0,False,0,96
FD002,LSTM,216,True,26.0,False,0,99
FD002,LSTM,217,True,17.0,False,0,32
FD002,LSTM,218,True,28.0,False,0,107
FD002,LSTM,219,True,27.0,False,0,26
FD002,LSTM,220,True,54.0,False,0,104
FD002,LSTM,221,True,31.0,False,0,48
FD002,LSTM,222,True,29.0,False,0,65
FD002,LSTM,223,True,34.0,False,0,88
FD002,LSTM,224,True,36.0,False,0,44
FD002,LSTM,225,True,21.0,False,0,26
FD002,LSTM,226,True,25.0,False,0,48
FD002,LSTM,227,True,29.0,False,0,54
FD002,LSTM,228,True,43.0,False,0,132
FD002,LSTM,229,True,29.0,False,0,46
FD002,LSTM,230,True,21.0,False,0,56
FD002,LSTM,231,True,26.0,False,0,14
FD002,LSTM,232,True,37.0,False,0,112
FD002,LSTM,233,True,23.0,False,0,60
FD002,LSTM,234,True,27.0,False,0,29
FD002,LSTM,235,True,24.0,False,0,53
FD002,LSTM,236,True,48.0,False,0,109
FD002,LSTM,237,True,22.0,False,0,79
FD002,LSTM,238,True,23.0,False,0,26
FD002,LSTM,239,True,30.0,False,0,133
FD002,LSTM,240,True,32.0,False,0,136
FD002,LSTM,241,True,24.0,False,0,53
FD002,LSTM,242,True,39.0,False,0,143
FD002,LSTM,243,True,51.0,False,0,100
FD002,LSTM,244,True,22.0,False,0,0
FD002,LSTM,245,True,35.0,False,0,123
FD002,LSTM,246,True,32.0,False,0,64
FD002,LSTM,247,True,21.0,False,0,67
FD002,LSTM,248,True,37.0,False,0,104
FD002,LSTM,249,True,29.0,False,0,72
FD002,LSTM,250,True,19.0,False,0,54
FD002,LSTM,251,True,29.0,False,0,136
FD002,LSTM,252,True,24.0,False,0,5
FD002,LSTM,253,True,28.0,False,0,19
FD002,LSTM,254,True,33.0,False,0,130
FD002,LSTM,255,True,38.0,False,0,210
FD002,LSTM,256,True,22.0,False,0,33
FD002,LSTM,257,True,33.0,False,0,179
FD002,LSTM,258,True,27.0,False,0,13
FD002,LSTM,259,True,31.0,False,0,75
FD002,LSTM,260,True,49.0,False,0,186
FD002,Static_Threshold,1,True,38.0,False,0,48
FD002,Static_Threshold,3,True,15.0,False,0,105
FD002,Static_Threshold,9,True,29.0,False,0,98
FD002,Static_Threshold,12,True,37.0,False,0,148
FD002,Static_Threshold,25,True,33.0,False,0,104
FD002,Static_Threshold,33,True,40.0,False,0,94
FD002,Static_Threshold,37,True,23.0,False,0,109
FD002,Static_Threshold,38,True,19.0,False,0,76
FD002,Static_Threshold,39,True,25.0,False,0,113
FD002,Static_Threshold,40,True,42.0,False,0,92
FD002,Static_Threshold,41,True,34.0,False,0,161
FD002,Static_Threshold,42,True,58.0,False,0,120
FD002,Static_Threshold,52,True,22.0,False,0,73
FD002,Static_Threshold,56,True,47.0,False,0,62
FD002,Static_Threshold,63,True,28.0,False,0,67
FD002,Static_Threshold,70,True,18.0,False,0,55
FD002,Static_Threshold,73,True,36.0,False,0,138
FD002,Static_Threshold,79,True,19.0,False,0,80
FD002,Static_Threshold,81,True,43.0,False,0,187
FD002,Static_Threshold,86,True,34.0,False,0,89
FD002,Static_Threshold,94,True,55.0,False,0,205
FD002,Static_Threshold,96,True,25.0,False,0,107
FD002,Static_Threshold,97,True,18.0,False,0,44
FD002,Static_Threshold,99,True,15.0,False,0,101
FD002,Static_Threshold,101,True,37.0,False,0,110
FD002,Static_Threshold,107,True,15.0,False,0,44
FD002,Static_Threshold,112,True,61.0,False,0,277
FD002,Static_Threshold,122,True,24.0,False,0,84
FD002,Static_Threshold,126,True,27.0,False,0,98
FD002,Static_Threshold,133,True,24.0,False,0,58
FD002,Static_Threshold,135,True,53.0,False,0,193
FD002,Static_Threshold,150,True,24.0,False,0,121
FD002,Static_Threshold,161,True,74.0,False,0,123
FD002,Static_Threshold,164,True,50.0,False,0,148
FD002,Static_Threshold,167,True,33.0,False,0,131
FD002,Static_Threshold,169,True,33.0,False,0,84
FD002,Static_Threshold,172,True,38.0,False,0,73
FD002,Static_Threshold,175,True,26.0,False,0,101
FD002,Static_Threshold,187,True,11.0,False,0,67
FD002,Static_Threshold,201,True,27.0,False,0,90
FD002,Static_Threshold,203,True,85.0,False,0,168
FD002,Static_Threshold,204,True,64.0,False,0,136
FD002,Static_Threshold,208,True,24.0,False,0,49
FD002,Static_Threshold,210,True,28.0,False,0,83
FD002,Static_Threshold,216,True,25.0,False,0,128
FD002,Static_Threshold,222,True,38.0,False,0,94
FD002,Static_Threshold,238,True,29.0,False,0,55
FD002,Static_Threshold,239,True,38.0,False,0,162
FD002,Static_Threshold,241,True,39.0,False,0,82
FD002,Static_Threshold,242,True,25.0,False,0,172
FD002,Static_Threshold,252,True,15.0,False,0,34
FD002,Static_Threshold,256,True,13.0,False,0,62
FD002,Static_Threshold,2,True,63.0,False,0,168
FD002,Static_Threshold,15,True,26.0,False,0,108
FD002,Static_Threshold,19,True,19.0,False,0,62
FD002,Static_Threshold,24,True,15.0,False,0,90
FD002,Static_Threshold,27,True,23.0,False,0,75
FD002,Static_Threshold,49,True,23.0,False,0,67
FD002,Static_Threshold,55,True,20.0,False,0,58
FD002,Static_Threshold,71,True,21.0,False,0,93
FD002,Static_Threshold,87,True,9.0,False,0,69
FD002,Static_Threshold,88,True,34.0,False,0,264
FD002,Static_Threshold,90,True,27.0,False,0,87
FD002,Static_Threshold,91,True,28.0,False,0,144
FD002,Static_Threshold,93,True,19.0,False,0,88
FD002,Static_Threshold,100,True,28.0,False,0,111
FD002,Static_Threshold,103,True,33.0,False,0,179
FD002,Static_Threshold,109,True,44.0,False,0,119
FD002,Static_Threshold,111,True,23.0,False,0,99
FD002,Static_Threshold,132,True,12.0,False,0,82
FD002,Static_Threshold,140,True,35.0,False,0,113
FD002,Static_Threshold,141,True,17.0,False,0,62
FD002,Static_Threshold,149,True,55.0,False,0,188
FD002,Static_Threshold,152,True,34.0,False,0,83
FD002,Static_Threshold,156,True,32.0,False,0,198
FD002,Static_Threshold,158,True,47.0,False,0,207
FD002,Static_Threshold,163,True,22.0,False,0,102
FD002,Static_Threshold,171,True,21.0,False,0,157
FD002,Static_Threshold,173,True,17.0,False,0,50
FD002,Static_Threshold,178,True,22.0,False,0,47
FD002,Static_Threshold,181,True,26.0,False,0,154
FD002,Static_Threshold,184,True,34.0,False,0,70
FD002,Static_Threshold,196,True,55.0,False,0,138
FD002,Static_Threshold,197,True,25.0,False,0,53
FD002,Static_Threshold,198,True,48.0,False,0,104
FD002,Static_Threshold,200,True,45.0,False,0,126
FD002,Static_Threshold,205,True,50.0,False,0,97
FD002,Static_Threshold,206,True,15.0,False,0,120
FD002,Static_Threshold,209,True,34.0,False,0,100
FD002,Static_Threshold,213,True,18.0,False,0,95
FD002,Static_Threshold,215,True,14.0,False,0,125
FD002,Static_Threshold,218,True,54.0,False,0,136
FD002,Static_Threshold,221,True,39.0,False,0,77
FD002,Static_Threshold,225,True,21.0,False,0,55
FD002,Static_Threshold,226,True,42.0,False,0,77
FD002,Static_Threshold,228,True,53.0,False,0,161
FD002,Static_Threshold,231,True,21.0,False,0,43
FD002,Static_Threshold,237,True,25.0,False,0,108
FD002,Static_Threshold,244,True,15.0,False,0,27
FD002,Static_Threshold,246,True,27.0,False,0,93
FD002,Static_Threshold,248,True,29.0,False,0,133
FD002,Static_Threshold,250,True,22.0,False,0,83
FD002,Static_Threshold,253,True,17.0,False,0,48
FD002,Static_Threshold,259,True,18.0,False,0,104
FD002,Static_Threshold,4,True,41.0,False,0,134
FD002,Static_Threshold,6,True,14.0,False,0,74
FD002,Static_Threshold,7,True,17.0,False,0,73
FD002,Static_Threshold,13,True,22.0,False,0,126
FD002,Static_Threshold,16,True,15.0,False,0,53
FD002,Static_Threshold,17,True,18.0,False,0,79
FD002,Static_Threshold,29,True,9.0,False,0,50
FD002,Static_Threshold,32,True,66.0,False,0,180
FD002,Static_Threshold,43,True,27.0,False,0,110
FD002,Static_Threshold,46,True,17.0,False,0,100
FD002,Static_Threshold,51,True,34.0,False,0,192
FD002,Static_Threshold,59,True,30.0,False,0,93
FD002,Static_Threshold,62,True,28.0,False,0,83
FD002,Static_Threshold,72,True,50.0,False,0,95
FD002,Static_Threshold,78,True,23.0,False,0,60
FD002,Static_Threshold,82,True,51.0,False,0,99
FD002,Static_Threshold,85,True,84.0,False,0,246
FD002,Static_Threshold,89,True,35.0,False,0,87
FD002,Static_Threshold,95,True,21.0,False,0,97
FD002,Static_Threshold,98,True,29.0,False,0,66
FD002,Static_Threshold,106,True,52.0,False,0,171
FD002,Static_Threshold,108,True,24.0,False,0,55
FD002,Static_Threshold,110,True,47.0,False,0,120
FD002,Static_Threshold,114,True,16.0,False,0,102
FD002,Static_Threshold,116,True,23.0,False,0,106
FD002,Static_Threshold,117,True,23.0,False,0,76
FD002,Static_Threshold,125,True,20.0,False,0,67
FD002,Static_Threshold,128,True,44.0,False,0,202
FD002,Static_Threshold,130,True,36.0,False,0,81
FD002,Static_Threshold,134,True,26.0,False,0,146
FD002,Static_Threshold,137,True,38.0,False,0,47
FD002,Static_Threshold,145,True,25.0,False,0,150
FD002,Static_Threshold,155,True,14.0,False,0,125
FD002,Static_Threshold,166,True,50.0,False,0,103
FD002,Static_Threshold,168,True,38.0,False,0,116
FD002,Static_Threshold,176,True,17.0,False,0,63
FD002,Static_Threshold,183,True,56.0,False,0,106
FD002,Static_Threshold,186,True,27.0,False,0,93
FD002,Static_Threshold,189,True,30.0,False,0,108
FD002,Static_Threshold,192,True,21.0,False,0,32
FD002,Static_Threshold,194,True,25.0,False,0,47
FD002,Static_Threshold,195,True,24.0,False,0,89
FD002,Static_Threshold,199,True,36.0,False,0,118
FD002,Static_Threshold,217,True,16.0,False,0,61
FD002,Static_Threshold,220,True,57.0,False,0,133
FD002,Static_Threshold,227,True,31.0,False,0,83
FD002,Static_Threshold,232,True,54.0,False,0,141
FD002,Static_Threshold,233,True,37.0,False,0,89
FD002,Static_Threshold,251,True,37.0,False,0,165
FD002,Static_Threshold,254,True,38.0,False,0,159
FD002,Static_Threshold,257,True,52.0,False,0,208
FD002,Static_Threshold,258,True,46.0,False,0,42
FD002,Static_Threshold,10,True,29.0,False,0,83
FD002,Static_Threshold,11,True,28.0,False,0,170
FD002,Static_Threshold,14,True,32.0,False,0,92
FD002,Static_Threshold,20,True,19.0,False,0,53
FD002,Static_Threshold,26,True,23.0,False,0,86
FD002,Static_Threshold,30,True,21.0,False,0,65
FD002,Static_Threshold,35,True,38.0,False,0,95
FD002,Static_Threshold,36,True,55.0,False,0,102
FD002,Static_Threshold,44,True,29.0,False,0,104
FD002,Static_Threshold,45,True,16.0,False,0,50
FD002,Static_Threshold,53,True,13.0,False,0,47
FD002,Static_Threshold,54,True,48.0,False,0,98
FD002,Static_Threshold,57,True,12.0,False,0,39
FD002,Static_Threshold,60,True,52.0,False,0,76
FD002,Static_Threshold,66,True,21.0,False,0,69
FD002,Static_Threshold,68,True,22.0,False,0,84
FD002,Static_Threshold,69,True,11.0,False,0,35
FD002,Static_Threshold,76,True,30.0,False,0,143
FD002,Static_Threshold,80,True,43.0,False,0,120
FD002,Static_Threshold,92,True,41.0,False,0,87
FD002,Static_Threshold,102,True,35.0,False,0,63
FD002,Static_Threshold,104,True,28.0,False,0,127
FD002,Static_Threshold,105,True,53.0,False,0,202
FD002,Static_Threshold,113,True,35.0,False,0,131
FD002,Static_Threshold,115,True,27.0,False,0,105
FD002,Static_Threshold,118,True,49.0,False,0,243
FD002,Static_Threshold,119,True,24.0,False,0,73
FD002,Static_Threshold,121,True,33.0,False,0,109
FD002,Static_Threshold,123,True,32.0,False,0,125
FD002,Static_Threshold,127,True,27.0,False,0,155
FD002,Static_Threshold,131,True,46.0,False,0,179
FD002,Static_Threshold,136,True,13.0,False,0,59
FD002,Static_Threshold,138,True,27.0,False,0,99
FD002,Static_Threshold,142,True,28.0,False,0,107
FD002,Static_Threshold,153,True,66.0,False,0,191
FD002,Static_Threshold,157,True,42.0,False,0,136
FD002,Static_Threshold,159,True,45.0,False,0,140
FD002,Static_Threshold,160,True,26.0,False,0,111
FD002,Static_Threshold,162,True,30.0,False,0,93
FD002,Static_Threshold,174,True,40.0,False,0,92
FD002,Static_Threshold,177,True,31.0,False,0,80
FD002,Static_Threshold,179,True,36.0,False,0,80
FD002,Static_Threshold,182,True,20.0,False,0,99
FD002,Static_Threshold,185,True,21.0,False,0,61
FD002,Static_Threshold,190,True,29.0,False,0,156
FD002,Static_Threshold,191,True,25.0,False,0,118
FD002,Static_Threshold,211,True,24.0,False,0,113
FD002,Static_Threshold,212,True,22.0,False,0,48
FD002,Static_Threshold,219,True,16.0,False,0,55
FD002,Static_Threshold,224,True,19.0,False,0,73
FD002,Static_Threshold,240,True,37.0,False,0,165
FD002,Static_Threshold,260,True,41.0,False,0,215
FD002,Static_Threshold,5,True,26.0,False,0,53
FD002,Static_Threshold,8,True,17.0,False,0,50
FD002,Static_Threshold,18,True,30.0,False,0,108
FD002,Static_Threshold,21,True,17.0,False,0,88
FD002,Static_Threshold,22,True,18.0,False,0,91
FD002,Static_Threshold,23,True,16.0,False,0,110
FD002,Static_Threshold,28,True,45.0,False,0,99
FD002,Static_Threshold,31,True,55.0,False,0,242
FD002,Static_Threshold,34,True,21.0,False,0,104
FD002,Static_Threshold,47,True,35.0,False,0,145
FD002,Static_Threshold,48,True,32.0,False,0,138
FD002,Static_Threshold,50,True,38.0,False,0,121
FD002,Static_Threshold,58,True,24.0,False,0,61
FD002,Static_Threshold,61,True,17.0,False,0,117
FD002,Static_Threshold,64,True,34.0,False,0,181
FD002,Static_Threshold,65,True,47.0,False,0,105
FD002,Static_Threshold,67,True,18.0,False,0,44
FD002,Static_Threshold,74,True,17.0,False,0,57
FD002,Static_Threshold,75,True,38.0,False,0,130
FD002,Static_Threshold,77,True,30.0,False,0,84
FD002,Static_Threshold,83,True,54.0,False,0,69
FD002,Static_Threshold,84,True,57.0,False,0,158
FD002,Static_Threshold,120,True,27.0,False,0,28
FD002,Static_Threshold,124,True,36.0,False,0,166
FD002,Static_Threshold,129,True,17.0,False,0,101
FD002,Static_Threshold,139,True,45.0,False,0,93
FD002,Static_Threshold,143,True,24.0,False,0,65
FD002,Static_Threshold,144,True,54.0,False,0,123
FD002,Static_Threshold,146,True,30.0,False,0,162
FD002,Static_Threshold,147,True,22.0,False,0,106
FD002,Static_Threshold,148,True,63.0,False,0,178
FD002,Static_Threshold,151,True,31.0,False,0,76
FD002,Static_Threshold,154,True,38.0,False,0,92
FD002,Static_Threshold,165,True,18.0,False,0,64
FD002,Static_Threshold,170,True,29.0,False,0,78
FD002,Static_Threshold,180,True,24.0,False,0,196
FD002,Static_Threshold,188,True,18.0,False,0,47
FD002,Static_Threshold,193,True,29.0,False,0,71
FD002,Static_Threshold,202,True,42.0,False,0,96
FD002,Static_Threshold,207,True,29.0,False,0,83
FD002,Static_Threshold,214,True,23.0,False,0,45
FD002,Static_Threshold,223,True,30.0,False,0,117
FD002,Static_Threshold,229,True,21.0,False,0,75
FD002,Static_Threshold,230,True,21.0,False,0,85
FD002,Static_Threshold,234,True,23.0,False,0,58
FD002,Static_Threshold,235,True,28.0,False,0,82
FD002,Static_Threshold,236,True,35.0,False,0,138
FD002,Static_Threshold,243,True,67.0,False,0,129
FD002,Static_Threshold,245,True,65.0,False,0,152
FD002,Static_Threshold,247,True,33.0,False,0,96
FD002,Static_Threshold,249,True,31.0,False,0,101
FD002,Static_Threshold,255,True,46.0,False,0,239
FD002,EWMA_Control_Limits,1,True,21.0,False,0,48
FD002,EWMA_Control_Limits,3,True,21.0,False,0,105
FD002,EWMA_Control_Limits,9,True,27.0,False,0,98
FD002,EWMA_Control_Limits,12,True,37.0,False,0,148
FD002,EWMA_Control_Limits,25,True,21.0,False,0,104
FD002,EWMA_Control_Limits,33,True,37.0,False,0,94
FD002,EWMA_Control_Limits,37,True,30.0,False,0,109
FD002,EWMA_Control_Limits,38,True,15.0,False,0,76
FD002,EWMA_Control_Limits,39,True,17.0,False,0,113
FD002,EWMA_Control_Limits,40,True,40.0,False,0,92
FD002,EWMA_Control_Limits,41,True,40.0,False,0,161
FD002,EWMA_Control_Limits,42,True,38.0,False,0,120
FD002,EWMA_Control_Limits,52,True,23.0,False,0,73
FD002,EWMA_Control_Limits,56,True,39.0,False,0,62
FD002,EWMA_Control_Limits,63,True,16.0,False,0,67
FD002,EWMA_Control_Limits,70,True,11.0,False,0,55
FD002,EWMA_Control_Limits,73,True,35.0,False,0,138
FD002,EWMA_Control_Limits,79,True,15.0,False,0,80
FD002,EWMA_Control_Limits,81,True,41.0,False,0,187
FD002,EWMA_Control_Limits,86,True,29.0,False,0,89
FD002,EWMA_Control_Limits,94,True,39.0,False,0,205
FD002,EWMA_Control_Limits,96,True,25.0,False,0,107
FD002,EWMA_Control_Limits,97,True,27.0,False,0,44
FD002,EWMA_Control_Limits,99,True,12.0,False,0,101
FD002,EWMA_Control_Limits,101,True,37.0,False,0,110
FD002,EWMA_Control_Limits,107,True,22.0,False,0,44
FD002,EWMA_Control_Limits,112,True,67.0,False,0,277
FD002,EWMA_Control_Limits,122,True,20.0,False,0,84
FD002,EWMA_Control_Limits,126,True,36.0,False,0,98
FD002,EWMA_Control_Limits,133,True,22.0,False,0,58
FD002,EWMA_Control_Limits,135,True,49.0,False,0,193
FD002,EWMA_Control_Limits,150,True,23.0,False,0,121
FD002,EWMA_Control_Limits,161,True,65.0,False,0,123
FD002,EWMA_Control_Limits,164,True,46.0,False,0,148
FD002,EWMA_Control_Limits,167,True,30.0,False,0,131
FD002,EWMA_Control_Limits,169,True,34.0,False,0,84
FD002,EWMA_Control_Limits,172,True,35.0,False,0,73
FD002,EWMA_Control_Limits,175,True,26.0,False,0,101
FD002,EWMA_Control_Limits,187,True,11.0,False,0,67
FD002,EWMA_Control_Limits,201,True,19.0,False,0,90
FD002,EWMA_Control_Limits,203,True,44.0,False,0,168
FD002,EWMA_Control_Limits,204,True,78.0,False,0,136
FD002,EWMA_Control_Limits,208,True,13.0,False,0,49
FD002,EWMA_Control_Limits,210,True,9.0,False,0,83
FD002,EWMA_Control_Limits,216,True,25.0,False,0,128
FD002,EWMA_Control_Limits,222,True,38.0,False,0,94
FD002,EWMA_Control_Limits,238,True,22.0,False,0,55
FD002,EWMA_Control_Limits,239,True,37.0,False,0,162
FD002,EWMA_Control_Limits,241,True,28.0,False,0,82
FD002,EWMA_Control_Limits,242,True,27.0,False,0,172
FD002,EWMA_Control_Limits,252,True,15.0,False,0,34
FD002,EWMA_Control_Limits,256,True,17.0,False,0,62
FD002,EWMA_Control_Limits,2,True,67.0,False,0,168
FD002,EWMA_Control_Limits,15,True,26.0,False,0,108
FD002,EWMA_Control_Limits,19,True,19.0,False,0,62
FD002,EWMA_Control_Limits,24,True,28.0,False,0,90
FD002,EWMA_Control_Limits,27,True,18.0,False,0,75
FD002,EWMA_Control_Limits,49,True,20.0,False,0,67
FD002,EWMA_Control_Limits,55,True,22.0,False,0,58
FD002,EWMA_Control_Limits,71,True,20.0,False,0,93
FD002,EWMA_Control_Limits,87,True,17.0,False,0,69
FD002,EWMA_Control_Limits,88,True,34.0,False,0,264
FD002,EWMA_Control_Limits,90,True,26.0,False,0,87
FD002,EWMA_Control_Limits,91,True,16.0,False,0,144
FD002,EWMA_Control_Limits,93,True,34.0,False,0,88
FD002,EWMA_Control_Limits,100,True,29.0,False,0,111
FD002,EWMA_Control_Limits,103,True,15.0,False,0,179
FD002,EWMA_Control_Limits,109,True,32.0,False,0,119
FD002,EWMA_Control_Limits,111,True,23.0,False,0,99
FD002,EWMA_Control_Limits,132,True,12.0,False,0,82
FD002,EWMA_Control_Limits,140,True,17.0,False,0,113
FD002,EWMA_Control_Limits,141,True,9.0,False,0,62
FD002,EWMA_Control_Limits,149,True,55.0,False,0,188
FD002,EWMA_Control_Limits,152,True,33.0,False,0,83
FD002,EWMA_Control_Limits,156,True,37.0,False,0,198
FD002,EWMA_Control_Limits,158,True,33.0,False,0,207
FD002,EWMA_Control_Limits,163,True,26.0,False,0,102
FD002,EWMA_Control_Limits,171,True,32.0,False,0,157
FD002,EWMA_Control_Limits,173,True,17.0,False,0,50
FD002,EWMA_Control_Limits,178,True,20.0,False,0,47
FD002,EWMA_Control_Limits,181,True,21.0,False,0,154
FD002,EWMA_Control_Limits,184,True,27.0,False,0,70
FD002,EWMA_Control_Limits,196,True,44.0,False,0,138
FD002,EWMA_Control_Limits,197,True,24.0,False,0,53
FD002,EWMA_Control_Limits,198,True,48.0,False,0,104
FD002,EWMA_Control_Limits,200,True,45.0,False,0,126
FD002,EWMA_Control_Limits,205,True,50.0,False,0,97
FD002,EWMA_Control_Limits,206,True,18.0,False,0,120
FD002,EWMA_Control_Limits,209,True,34.0,False,0,100
FD002,EWMA_Control_Limits,213,True,19.0,False,0,95
FD002,EWMA_Control_Limits,215,True,23.0,False,0,125
FD002,EWMA_Control_Limits,218,True,51.0,False,0,136
FD002,EWMA_Control_Limits,221,True,35.0,False,0,77
FD002,EWMA_Control_Limits,225,True,21.0,False,0,55
FD002,EWMA_Control_Limits,226,True,12.0,False,0,77
FD002,EWMA_Control_Limits,228,True,49.0,False,0,161
FD002,EWMA_Control_Limits,231,True,7.0,False,0,43
FD002,EWMA_Control_Limits,237,True,37.0,False,0,108
FD002,EWMA_Control_Limits,244,True,14.0,False,0,27
FD002,EWMA_Control_Limits,246,True,36.0,False,0,93
FD002,EWMA_Control_Limits,248,True,40.0,False,0,133
FD002,EWMA_Control_Limits,250,True,18.0,False,0,83
FD002,EWMA_Control_Limits,253,True,6.0,False,0,48
FD002,EWMA_Control_Limits,259,True,18.0,False,0,104
FD002,EWMA_Control_Limits,4,True,40.0,False,0,134
FD002,EWMA_Control_Limits,6,True,12.0,False,0,74
FD002,EWMA_Control_Limits,7,True,17.0,False,0,73
FD002,EWMA_Control_Limits,13,True,22.0,False,0,126
FD002,EWMA_Control_Limits,16,True,7.0,False,0,53
FD002,EWMA_Control_Limits,17,True,18.0,False,0,79
FD002,EWMA_Control_Limits,29,True,9.0,False,0,50
FD002,EWMA_Control_Limits,32,True,78.0,False,0,180
FD002,EWMA_Control_Limits,43,True,23.0,False,0,110
FD002,EWMA_Control_Limits,46,True,21.0,False,0,100
FD002,EWMA_Control_Limits,51,True,34.0,False,0,192
FD002,EWMA_Control_Limits,59,True,38.0,False,0,93
FD002,EWMA_Control_Limits,62,True,34.0,False,0,83
FD002,EWMA_Control_Limits,72,True,45.0,False,0,95
FD002,EWMA_Control_Limits,78,True,23.0,False,0,60
FD002,EWMA_Control_Limits,82,True,53.0,False,0,99
FD002,EWMA_Control_Limits,85,True,65.0,False,0,246
FD002,EWMA_Control_Limits,89,True,37.0,False,0,87
FD002,EWMA_Control_Limits,95,True,22.0,False,0,97
FD002,EWMA_Control_Limits,98,True,25.0,False,0,66
FD002,EWMA_Control_Limits,106,True,40.0,False,0,171
FD002,EWMA_Control_Limits,108,True,24.0,False,0,55
FD002,EWMA_Control_Limits,110,True,39.0,False,0,120
FD002,EWMA_Control_Limits,114,True,18.0,False,0,102
FD002,EWMA_Control_Limits,116,True,17.0,False,0,106
FD002,EWMA_Control_Limits,117,True,22.0,False,0,76
FD002,EWMA_Control_Limits,125,True,17.0,False,0,67
FD002,EWMA_Control_Limits,128,True,50.0,False,0,202
FD002,EWMA_Control_Limits,130,True,27.0,False,0,81
FD002,EWMA_Control_Limits,134,True,25.0,False,0,146
FD002,EWMA_Control_Limits,137,True,18.0,False,0,47
FD002,EWMA_Control_Limits,145,True,23.0,False,0,150
FD002,EWMA_Control_Limits,155,True,14.0,False,0,125
FD002,EWMA_Control_Limits,166,True,27.0,False,0,103
FD002,EWMA_Control_Limits,168,True,29.0,False,0,116
FD002,EWMA_Control_Limits,176,True,17.0,False,0,63
FD002,EWMA_Control_Limits,183,True,39.0,False,0,106
FD002,EWMA_Control_Limits,186,True,22.0,False,0,93
FD002,EWMA_Control_Limits,189,True,25.0,False,0,108
FD002,EWMA_Control_Limits,192,True,19.0,False,0,32
FD002,EWMA_Control_Limits,194,True,17.0,False,0,47
FD002,EWMA_Control_Limits,195,True,24.0,False,0,89
FD002,EWMA_Control_Limits,199,True,49.0,False,0,118
FD002,EWMA_Control_Limits,217,True,5.0,False,0,61
FD002,EWMA_Control_Limits,220,True,25.0,False,0,133
FD002,EWMA_Control_Limits,227,True,30.0,False,0,83
FD002,EWMA_Control_Limits,232,True,56.0,False,0,141
FD002,EWMA_Control_Limits,233,True,36.0,False,0,89
FD002,EWMA_Control_Limits,251,True,28.0,False,0,165
FD002,EWMA_Control_Limits,254,True,32.0,False,0,159
FD002,EWMA_Control_Limits,257,True,41.0,False,0,208
FD002,EWMA_Control_Limits,258,True,43.0,False,0,42
FD002,EWMA_Control_Limits,10,True,28.0,False,0,83
FD002,EWMA_Control_Limits,11,True,33.0,False,0,170
FD002,EWMA_Control_Limits,14,True,22.0,False,0,92
FD002,EWMA_Control_Limits,20,True,29.0,False,0,53
FD002,EWMA_Control_Limits,26,True,21.0,False,0,86
FD002,EWMA_Control_Limits,30,True,26.0,False,0,65
FD002,EWMA_Control_Limits,35,True,38.0,False,0,95
FD002,EWMA_Control_Limits,36,True,35.0,False,0,102
FD002,EWMA_Control_Limits,44,True,24.0,False,0,104
FD002,EWMA_Control_Limits,45,True,11.0,False,0,50
FD002,EWMA_Control_Limits,53,True,12.0,False,0,47
FD002,EWMA_Control_Limits,54,True,44.0,False,0,98
FD002,EWMA_Control_Limits,57,True,16.0,False,0,39
FD002,EWMA_Control_Limits,60,True,27.0,False,0,76
FD002,EWMA_Control_Limits,66,True,20.0,False,0,69
FD002,EWMA_Control_Limits,68,True,22.0,False,0,84
FD002,EWMA_Control_Limits,69,True,14.0,False,0,35
FD002,EWMA_Control_Limits,76,True,30.0,False,0,143
FD002,EWMA_Control_Limits,80,True,28.0,False,0,120
FD002,EWMA_Control_Limits,92,True,44.0,False,0,87
FD002,EWMA_Control_Limits,102,True,34.0,False,0,63
FD002,EWMA_Control_Limits,104,True,26.0,False,0,127
FD002,EWMA_Control_Limits,105,True,46.0,False,0,202
FD002,EWMA_Control_Limits,113,True,31.0,False,0,131
FD002,EWMA_Control_Limits,115,True,27.0,False,0,105
FD002,EWMA_Control_Limits,118,True,46.0,False,0,243
FD002,EWMA_Control_Limits,119,True,23.0,False,0,73
FD002,EWMA_Control_Limits,121,True,27.0,False,0,109
FD002,EWMA_Control_Limits,123,True,30.0,False,0,125
FD002,EWMA_Control_Limits,127,True,20.0,False,0,155
FD002,EWMA_Control_Limits,131,True,44.0,False,0,179
FD002,EWMA_Control_Limits,136,True,4.0,False,0,59
FD002,EWMA_Control_Limits,138,True,27.0,False,0,99
FD002,EWMA_Control_Limits,142,True,45.0,False,0,107
FD002,EWMA_Control_Limits,153,True,65.0,False,0,191
FD002,EWMA_Control_Limits,157,True,34.0,False,0,136
FD002,EWMA_Control_Limits,159,True,63.0,False,0,140
FD002,EWMA_Control_Limits,160,True,26.0,False,0,111
FD002,EWMA_Control_Limits,162,True,34.0,False,0,93
FD002,EWMA_Control_Limits,174,True,42.0,False,0,92
FD002,EWMA_Control_Limits,177,True,40.0,False,0,80
FD002,EWMA_Control_Limits,179,True,27.0,False,0,80
FD002,EWMA_Control_Limits,182,True,20.0,False,0,99
FD002,EWMA_Control_Limits,185,True,24.0,False,0,61
FD002,EWMA_Control_Limits,190,True,27.0,False,0,156
FD002,EWMA_Control_Limits,191,True,24.0,False,0,118
FD002,EWMA_Control_Limits,211,True,24.0,False,0,113
FD002,EWMA_Control_Limits,212,True,20.0,False,0,48
FD002,EWMA_Control_Limits,219,True,24.0,False,0,55
FD002,EWMA_Control_Limits,224,True,15.0,False,0,73
FD002,EWMA_Control_Limits,240,True,35.0,False,0,165
FD002,EWMA_Control_Limits,260,True,33.0,False,0,215
FD002,EWMA_Control_Limits,5,True,20.0,False,0,53
FD002,EWMA_Control_Limits,8,True,17.0,False,0,50
FD002,EWMA_Control_Limits,18,True,25.0,False,0,108
FD002,EWMA_Control_Limits,21,True,25.0,False,0,88
FD002,EWMA_Control_Limits,22,True,16.0,False,0,91
FD002,EWMA_Control_Limits,23,True,18.0,False,0,110
FD002,EWMA_Control_Limits,28,True,33.0,False,0,99
FD002,EWMA_Control_Limits,31,True,61.0,False,0,242
FD002,EWMA_Control_Limits,34,True,13.0,False,0,104
FD002,EWMA_Control_Limits,47,True,29.0,False,0,145
FD002,EWMA_Control_Limits,48,True,31.0,False,0,138
FD002,EWMA_Control_Limits,50,True,22.0,False,0,121
FD002,EWMA_Control_Limits,58,True,11.0,False,0,61
FD002,EWMA_Control_Limits,61,True,23.0,False,0,117
FD002,EWMA_Control_Limits,64,True,30.0,False,0,181
FD002,EWMA_Control_Limits,65,True,49.0,False,0,105
FD002,EWMA_Control_Limits,67,True,15.0,False,0,44
FD002,EWMA_Control_Limits,74,True,15.0,False,0,57
FD002,EWMA_Control_Limits,75,True,38.0,False,0,130
FD002,EWMA_Control_Limits,77,True,30.0,False,0,84
FD002,EWMA_Control_Limits,83,True,27.0,False,0,69
FD002,EWMA_Control_Limits,84,True,52.0,False,0,158
FD002,EWMA_Control_Limits,120,True,25.0,False,0,28
FD002,EWMA_Control_Limits,124,True,37.0,False,0,166
FD002,EWMA_Control_Limits,129,True,15.0,False,0,101
FD002,EWMA_Control_Limits,139,True,43.0,False,0,93
FD002,EWMA_Control_Limits,143,True,27.0,False,0,65
FD002,EWMA_Control_Limits,144,True,63.0,False,0,123
FD002,EWMA_Control_Limits,146,True,32.0,False,0,162
FD002,EWMA_Control_Limits,147,True,13.0,False,0,106
FD002,EWMA_Control_Limits,148,True,64.0,False,0,178
FD002,EWMA_Control_Limits,151,True,21.0,False,0,76
FD002,EWMA_Control_Limits,154,True,38.0,False,0,92
FD002,EWMA_Control_Limits,165,True,17.0,False,0,64
FD002,EWMA_Control_Limits,170,True,15.0,False,0,78
FD002,EWMA_Control_Limits,180,True,24.0,False,0,196
FD002,EWMA_Control_Limits,188,True,15.0,False,0,47
FD002,EWMA_Control_Limits,193,True,28.0,False,0,71
FD002,EWMA_Control_Limits,202,True,64.0,False,0,96
FD002,EWMA_Control_Limits,207,True,24.0,False,0,83
FD002,EWMA_Control_Limits,214,True,24.0,False,0,45
FD002,EWMA_Control_Limits,223,True,28.0,False,0,117
FD002,EWMA_Control_Limits,229,True,21.0,False,0,75
FD002,EWMA_Control_Limits,230,True,22.0,False,0,85
FD002,EWMA_Control_Limits,234,True,23.0,False,0,58
FD002,EWMA_Control_Limits,235,True,28.0,False,0,82
FD002,EWMA_Control_Limits,236,True,44.0,False,0,138
FD002,EWMA_Control_Limits,243,True,60.0,False,0,129
FD002,EWMA_Control_Limits,245,True,62.0,False,0,152
FD002,EWMA_Control_Limits,247,True,32.0,False,0,96
FD002,EWMA_Control_Limits,249,True,31.0,False,0,101
FD002,EWMA_Control_Limits,255,True,41.0,False,0,239
FD003,IsolationForest,1,True,45.0,False,0,129
FD003,IsolationForest,2,True,68.0,False,0,123
FD003,IsolationForest,3,True,37.0,False,0,92
FD003,IsolationForest,4,True,66.0,False,0,142
FD003,IsolationForest,5,True,48.0,False,0,83
FD003,IsolationForest,6,True,63.0,False,0,148
FD003,IsolationForest,7,True,88.0,False,0,294
FD003,IsolationForest,8,True,56.0,False,0,137
FD003,IsolationForest,9,False,0.0,True,56,276
FD003,IsolationForest,10,True,68.0,False,0,351
FD003,IsolationForest,11,True,40.0,False,0,67
FD003,IsolationForest,12,True,38.0,False,0,40
FD003,IsolationForest,13,True,56.0,False,0,55
FD003,IsolationForest,14,True,35.0,False,0,77
FD003,IsolationForest,15,True,68.0,False,0,72
FD003,IsolationForest,16,True,98.0,False,0,214
FD003,IsolationForest,17,False,0.0,True,163,182
FD003,IsolationForest,18,False,0.0,True,302,317
FD003,IsolationForest,19,True,100.0,False,0,99
FD003,IsolationForest,20,True,99.0,False,0,208
FD003,IsolationForest,21,True,56.0,False,0,90
FD003,IsolationForest,22,True,36.0,False,0,62
FD003,IsolationForest,23,True,38.0,False,0,66
FD003,IsolationForest,24,False,0.0,True,284,364
FD003,IsolationForest,25,True,35.0,False,0,63
FD003,IsolationForest,26,True,40.0,False,0,113
FD003,IsolationForest,27,False,0.0,True,68,190
FD003,IsolationForest,28,True,37.0,False,0,70
FD003,IsolationForest,29,True,52.0,False,0,93
FD003,IsolationForest,30,True,39.0,False,0,88
FD003,IsolationForest,31,True,58.0,False,0,53
FD003,IsolationForest,32,True,49.0,False,0,59
FD003,IsolationForest,33,True,59.0,False,0,101
FD003,IsolationForest,34,False,0.0,True,10,329
FD003,IsolationForest,35,True,35.0,False,0,101
FD003,IsolationForest,36,True,40.0,False,0,194
FD003,IsolationForest,37,True,66.0,False,0,194
FD003,IsolationForest,38,True,58.0,False,0,71
FD003,IsolationForest,39,True,82.0,False,0,158
FD003,IsolationForest,40,True,49.0,False,0,58
FD003,IsolationForest,41,True,98.0,False,0,165
FD003,IsolationForest,42,False,0.0,True,21,63
FD003,IsolationForest,43,True,77.0,False,0,191
FD003,IsolationForest,44,True,61.0,False,0,50
FD003,IsolationForest,45,True,47.0,False,0,75
FD003,IsolationForest,46,True,54.0,False,0,74
FD003,IsolationForest,47,True,64.0,False,0,139
FD003,IsolationForest,48,True,47.0,False,0,44
FD003,IsolationForest,49,True,81.0,False,0,126
FD003,IsolationForest,50,True,29.0,False,0,31
FD003,IsolationForest,51,True,37.0,False,0,60
FD003,IsolationForest,52,True,46.0,False,0,92
FD003,IsolationForest,53,True,41.0,False,0,34
FD003,IsolationForest,54,True,55.0,False,0,64
FD003,IsolationForest,55,False,0.0,True,267,395
FD003,IsolationForest,56,True,68.0,False,0,65
FD003,IsolationForest,57,True,81.0,False,0,85
FD003,IsolationForest,58,True,44.0,False,0,48
FD003,IsolationForest,59,False,0.0,True,14,169
FD003,IsolationForest,60,True,47.0,False,0,60
FD003,IsolationForest,61,True,56.0,False,0,69
FD003,IsolationForest,62,True,61.0,False,0,116
FD003,IsolationForest,63,True,39.0,False,0,101
FD003,IsolationForest,64,True,45.0,False,0,65
FD003,IsolationForest,65,True,35.0,False,0,104
FD003,IsolationForest,66,True,31.0,False,0,35
FD003,IsolationForest,67,True,89.0,False,0,133
FD003,IsolationForest,68,True,33.0,False,0,71
FD003,IsolationForest,69,True,55.0,False,0,40
FD003,IsolationForest,70,True,31.0,False,0,42
FD003,IsolationForest,71,False,0.0,True,197,279
FD003,IsolationForest,72,True,56.0,False,0,102
FD003,IsolationForest,73,False,0.0,True,28,85
FD003,IsolationForest,74,True,52.0,False,0,63
FD003,IsolationForest,75,True,62.0,False,0,129
FD003,IsolationForest,76,True,53.0,False,0,23
FD003,IsolationForest,77,True,90.0,False,0,125
FD003,IsolationForest,78,True,50.0,False,0,91
FD003,IsolationForest,79,True,31.0,False,0,36
FD003,IsolationForest,80,True,33.0,False,0,17
FD003,IsolationForest,81,True,82.0,False,0,217
FD003,IsolationForest,82,True,99.0,False,0,155
FD003,IsolationForest,83,True,43.0,False,0,51
FD003,IsolationForest,84,True,58.0,False,0,96
FD003,IsolationForest,85,True,80.0,False,0,136
FD003,IsolationForest,86,True,69.0,False,0,211
FD003,IsolationForest,87,True,51.0,False,0,42
FD003,IsolationForest,88,True,76.0,False,0,192
FD003,IsolationForest,89,True,43.0,False,0,77
FD003,IsolationForest,90,True,32.0,False,0,51
FD003,IsolationForest,91,True,28.0,False,0,26
FD003,IsolationForest,92,True,43.0,False,0,28
FD003,IsolationForest,93,True,33.0,False,0,41
FD003,IsolationForest,94,False,0.0,True,59,262
FD003,IsolationForest,95,True,46.0,False,0,36
FD003,IsolationForest,96,False,0.0,True,33,361
FD003,IsolationForest,97,True,72.0,False,0,145
FD003,IsolationForest,98,True,85.0,False,0,177
FD003,IsolationForest,99,True,65.0,False,0,15
FD003,IsolationForest,100,True,32.0,False,0,22
FD003,RandomForest,1,True,34.0,False,0,129
FD003,RandomForest,2,True,28.0,False,0,123
FD003,RandomForest,3,True,28.0,False,0,92
FD003,RandomForest,4,True,51.0,False,0,142
FD003,RandomForest,5,True,37.0,False,0,83
FD003,RandomForest,6,True,38.0,False,0,148
FD003,RandomForest,7,True,37.0,False,0,294
FD003,RandomForest,8,True,50.0,False,0,137
FD003,RandomForest,9,True,45.0,False,0,276
FD003,RandomForest,10,True,26.0,False,0,351
FD003,RandomForest,11,True,24.0,False,0,67
FD003,RandomForest,12,True,24.0,False,0,40
FD003,RandomForest,13,True,25.0,False,0,55
FD003,RandomForest,14,True,26.0,False,0,77
FD003,RandomForest,15,True,29.0,False,0,72
FD003,RandomForest,16,True,30.0,False,0,214
FD003,RandomForest,17,True,31.0,False,0,182
FD003,RandomForest,18,True,32.0,False,0,317
FD003,RandomForest,19,True,25.0,False,0,99
FD003,RandomForest,20,True,30.0,False,0,208
FD003,RandomForest,21,True,26.0,False,0,90
FD003,RandomForest,22,True,26.0,False,0,62
FD003,RandomForest,23,True,26.0,False,0,66
FD003,RandomForest,24,True,36.0,False,0,364
FD003,RandomForest,25,True,20.0,False,0,63
FD003,RandomForest,26,True,35.0,False,0,113
FD003,RandomForest,27,True,33.0,False,0,190
FD003,RandomForest,28,True,27.0,False,0,70
FD003,RandomForest,29,True,24.0,False,0,93
FD003,RandomForest,30,True,26.0,False,0,88
FD003,RandomForest,31,True,37.0,False,0,53
FD003,RandomForest,32,True,24.0,False,0,59
FD003,RandomForest,33,True,29.0,False,0,101
FD003,RandomForest,34,True,36.0,False,0,329
FD003,RandomForest,35,True,20.0,False,0,101
FD003,RandomForest,36,True,36.0,False,0,194
FD003,RandomForest,37,True,31.0,False,0,194
FD003,RandomForest,38,True,24.0,False,0,71
FD003,RandomForest,39,True,28.0,False,0,158
FD003,RandomForest,40,True,46.0,False,0,58
FD003,RandomForest,41,True,28.0,False,0,165
FD003,RandomForest,42,True,24.0,False,0,63
FD003,RandomForest,43,True,24.0,False,0,191
FD003,RandomForest,44,True,44.0,False,0,50
FD003,RandomForest,45,True,29.0,False,0,75
FD003,RandomForest,46,True,25.0,False,0,74
FD003,RandomForest,47,True,35.0,False,0,139
FD003,RandomForest,48,True,24.0,False,0,44
FD003,RandomForest,49,True,30.0,False,0,126
FD003,RandomForest,50,True,18.0,False,0,31
FD003,RandomForest,51,True,24.0,False,0,60
FD003,RandomForest,52,True,27.0,False,0,92
FD003,RandomForest,53,True,24.0,False,0,34
FD003,RandomForest,54,True,34.0,False,0,64
FD003,RandomForest,55,True,36.0,False,0,395
FD003,RandomForest,56,True,32.0,False,0,65
FD003,RandomForest,57,True,27.0,False,0,85
FD003,RandomForest,58,True,26.0,False,0,48
FD003,RandomForest,59,True,29.0,False,0,169
FD003,RandomForest,60,True,25.0,False,0,60
FD003,RandomForest,61,True,33.0,False,0,69
FD003,RandomForest,62,True,27.0,False,0,116
FD003,RandomForest,63,True,16.0,False,0,101
FD003,RandomForest,64,True,26.0,False,0,65
FD003,RandomForest,65,True,27.0,False,0,104
FD003,RandomForest,66,True,18.0,False,0,35
FD003,RandomForest,67,True,35.0,False,0,133
FD003,RandomForest,68,True,19.0,False,0,71
FD003,RandomForest,69,True,30.0,False,0,40
FD003,RandomForest,70,True,16.0,False,0,42
FD003,RandomForest,71,True,28.0,False,0,279
FD003,RandomForest,72,True,23.0,False,0,102
FD003,RandomForest,73,True,30.0,False,0,85
FD003,RandomForest,74,True,25.0,False,0,63
FD003,RandomForest,75,True,27.0,False,0,129
FD003,RandomForest,76,True,24.0,False,0,23
FD003,RandomForest,77,True,26.0,False,0,125
FD003,RandomForest,78,True,31.0,False,0,91
FD003,RandomForest,79,True,24.0,False,0,36
FD003,RandomForest,80,True,29.0,False,0,17
FD003,RandomForest,81,True,28.0,False,0,217
FD003,RandomForest,82,True,26.0,False,0,155
FD003,RandomForest,83,True,28.0,False,0,51
FD003,RandomForest,84,True,25.0,False,0,96
FD003,RandomForest,85,True,24.0,False,0,136
FD003,RandomForest,86,True,36.0,False,0,211
FD003,RandomForest,87,True,21.0,False,0,42
FD003,RandomForest,88,True,27.0,False,0,192
FD003,RandomForest,89,True,27.0,False,0,77
FD003,RandomForest,90,True,24.0,False,0,51
FD003,RandomForest,91,True,22.0,False,0,26
FD003,RandomForest,92,True,28.0,False,0,28
FD003,RandomForest,93,True,23.0,False,0,41
FD003,RandomForest,94,True,39.0,False,0,262
FD003,RandomForest,95,True,24.0,False,0,36
FD003,RandomForest,96,True,36.0,False,0,361
FD003,RandomForest,97,True,25.0,False,0,145
FD003,RandomForest,98,True,30.0,False,0,177
FD003,RandomForest,99,True,29.0,False,0,15
FD003,RandomForest,100,True,26.0,False,0,22
FD003,XGBoost,1,True,34.0,False,0,129
FD003,XGBoost,2,True,28.0,False,0,123
FD003,XGBoost,3,True,29.0,False,0,92
FD003,XGBoost,4,True,51.0,False,0,142
FD003,XGBoost,5,True,33.0,False,0,83
FD003,XGBoost,6,True,37.0,False,0,148
FD003,XGBoost,7,True,36.0,False,0,294
FD003,XGBoost,8,True,49.0,False,0,137
FD003,XGBoost,9,True,41.0,False,0,276
FD003,XGBoost,10,True,27.0,False,0,351
FD003,XGBoost,11,True,26.0,False,0,67
FD003,XGBoost,12,True,22.0,False,0,40
FD003,XGBoost,13,True,26.0,False,0,55
FD003,XGBoost,14,True,28.0,False,0,77
FD003,XGBoost,15,True,28.0,False,0,72
FD003,XGBoost,16,True,30.0,False,0,214
FD003,XGBoost,17,True,31.0,False,0,182
FD003,XGBoost,18,True,32.0,False,0,317
FD003,XGBoost,19,True,26.0,False,0,99
FD003,XGBoost,20,True,30.0,False,0,208
FD003,XGBoost,21,True,26.0,False,0,90
FD003,XGBoost,22,True,26.0,False,0,62
FD003,XGBoost,23,True,27.0,False,0,66
FD003,XGBoost,24,True,36.0,False,0,364
FD003,XGBoost,25,True,24.0,False,0,63
FD003,XGBoost,26,True,38.0,False,0,113
FD003,XGBoost,27,True,33.0,False,0,190
FD003,XGBoost,28,True,28.0,False,0,70
FD003,XGBoost,29,True,23.0,False,0,93
FD003,XGBoost,30,True,27.0,False,0,88
FD003,XGBoost,31,True,37.0,False,0,53
FD003,XGBoost,32,True,28.0,False,0,59
FD003,XGBoost,33,True,30.0,False,0,101
FD003,XGBoost,34,True,43.0,False,0,329
FD003,XGBoost,35,True,26.0,False,0,101
FD003,XGBoost,36,True,35.0,False,0,194
FD003,XGBoost,37,True,34.0,False,0,194
FD003,XGBoost,38,True,24.0,False,0,71
FD003,XGBoost,39,True,31.0,False,0,158
FD003,XGBoost,40,True,28.0,False,0,58
FD003,XGBoost,41,True,29.0,False,0,165
FD003,XGBoost,42,True,26.0,False,0,63
FD003,XGBoost,43,True,25.0,False,0,191
FD003,XGBoost,44,True,29.0,False,0,50
FD003,XGBoost,45,True,29.0,False,0,75
FD003,XGBoost,46,True,25.0,False,0,74
FD003,XGBoost,47,True,37.0,False,0,139
FD003,XGBoost,48,True,28.0,False,0,44
FD003,XGBoost,49,True,27.0,False,0,126
FD003,XGBoost,50,True,17.0,False,0,31
FD003,XGBoost,51,True,28.0,False,0,60
FD003,XGBoost,52,True,28.0,False,0,92
FD003,XGBoost,53,True,24.0,False,0,34
FD003,XGBoost,54,True,35.0,False,0,64
FD003,XGBoost,55,True,31.0,False,0,395
FD003,XGBoost,56,True,30.0,False,0,65
FD003,XGBoost,57,True,27.0,False,0,85
FD003,XGBoost,58,True,26.0,False,0,48
FD003,XGBoost,59,True,34.0,False,0,169
FD003,XGBoost,60,True,26.0,False,0,60
FD003,XGBoost,61,True,30.0,False,0,69
FD003,XGBoost,62,True,29.0,False,0,116
FD003,XGBoost,63,True,41.0,False,0,101
FD003,XGBoost,64,True,27.0,False,0,65
FD003,XGBoost,65,True,28.0,False,0,104
FD003,XGBoost,66,True,21.0,False,0,35
FD003,XGBoost,67,True,35.0,False,0,133
FD003,XGBoost,68,True,19.0,False,0,71
FD003,XGBoost,69,True,26.0,False,0,40
FD003,XGBoost,70,True,20.0,False,0,42
FD003,XGBoost,71,True,31.0,False,0,279
FD003,XGBoost,72,True,22.0,False,0,102
FD003,XGBoost,73,True,33.0,False,0,85
FD003,XGBoost,74,True,25.0,False,0,63
FD003,XGBoost,75,True,26.0,False,0,129
FD003,XGBoost,76,True,24.0,False,0,23
FD003,XGBoost,77,True,27.0,False,0,125
FD003,XGBoost,78,True,33.0,False,0,91
FD003,XGBoost,79,True,24.0,False,0,36
FD003,XGBoost,80,True,28.0,False,0,17
FD003,XGBoost,81,True,28.0,False,0,217
FD003,XGBoost,82,True,23.0,False,0,155
FD003,XGBoost,83,True,36.0,False,0,51
FD003,XGBoost,84,True,27.0,False,0,96
FD003,XGBoost,85,True,22.0,False,0,136
FD003,XGBoost,86,True,37.0,False,0,211
FD003,XGBoost,87,True,23.0,False,0,42
FD003,XGBoost,88,True,27.0,False,0,192
FD003,XGBoost,89,True,30.0,False,0,77
FD003,XGBoost,90,True,24.0,False,0,51
FD003,XGBoost,91,True,27.0,False,0,26
FD003,XGBoost,92,True,27.0,False,0,28
FD003,XGBoost,93,True,23.0,False,0,41
FD003,XGBoost,94,True,38.0,False,0,262
FD003,XGBoost,95,True,22.0,False,0,36
FD003,XGBoost,96,True,30.0,False,0,361
FD003,XGBoost,97,True,25.0,False,0,145
FD003,XGBoost,98,True,30.0,False,0,177
FD003,XGBoost,99,True,29.0,False,0,15
FD003,XGBoost,100,True,25.0,False,0,22
FD003,LSTM,1,True,33.0,False,0,129
FD003,LSTM,2,True,25.0,False,0,123
FD003,LSTM,3,True,35.0,False,0,92
FD003,LSTM,4,True,53.0,False,0,142
FD003,LSTM,5,True,33.0,False,0,83
FD003,LSTM,6,True,46.0,False,0,148
FD003,LSTM,7,True,37.0,False,0,294
FD003,LSTM,8,True,50.0,False,0,137
FD003,LSTM,9,True,48.0,False,0,276
FD003,LSTM,10,True,21.0,False,0,351
FD003,LSTM,11,True,25.0,False,0,67
FD003,LSTM,12,True,28.0,False,0,40
FD003,LSTM,13,True,25.0,False,0,55
FD003,LSTM,14,True,28.0,False,0,77
FD003,LSTM,15,True,73.0,False,0,72
FD003,LSTM,16,True,30.0,False,0,214
FD003,LSTM,17,True,31.0,False,0,182
FD003,LSTM,18,True,30.0,False,0,317
FD003,LSTM,19,True,25.0,False,0,99
FD003,LSTM,20,True,30.0,False,0,208
FD003,LSTM,21,True,27.0,False,0,90
FD003,LSTM,22,True,24.0,False,0,62
FD003,LSTM,23,True,31.0,False,0,66
FD003,LSTM,24,True,36.0,False,0,364
FD003,LSTM,25,True,27.0,False,0,63
FD003,LSTM,26,True,37.0,False,0,113
FD003,LSTM,27,True,33.0,False,0,190
FD003,LSTM,28,True,30.0,False,0,70
FD003,LSTM,29,True,34.0,False,0,93
FD003,LSTM,30,True,27.0,False,0,88
FD003,LSTM,31,True,28.0,False,0,53
FD003,LSTM,32,True,23.0,False,0,59
FD003,LSTM,33,True,29.0,False,0,101
FD003,LSTM,34,True,39.0,False,0,329
FD003,LSTM,35,True,26.0,False,0,101
FD003,LSTM,36,True,40.0,False,0,194
FD003,LSTM,37,True,31.0,False,0,194
FD003,LSTM,38,True,27.0,False,0,71
FD003,LSTM,39,True,31.0,False,0,158
FD003,LSTM,40,True,21.0,False,0,58
FD003,LSTM,41,True,29.0,False,0,165
FD003,LSTM,42,True,24.0,False,0,63
FD003,LSTM,43,True,24.0,False,0,191
FD003,LSTM,44,True,43.0,False,0,50
FD003,LSTM,45,True,30.0,False,0,75
FD003,LSTM,46,True,29.0,False,0,74
FD003,LSTM,47,True,37.0,False,0,139
FD003,LSTM,48,True,28.0,False,0,44
FD003,LSTM,49,True,26.0,False,0,126
FD003,LSTM,50,True,22.0,False,0,31
FD003,LSTM,51,True,32.0,False,0,60
FD003,LSTM,52,True,26.0,False,0,92
FD003,LSTM,53,True,18.0,False,0,34
FD003,LSTM,54,True,31.0,False,0,64
FD003,LSTM,55,True,40.0,False,0,395
FD003,LSTM,56,True,33.0,False,0,65
FD003,LSTM,57,True,28.0,False,0,85
FD003,LSTM,58,True,27.0,False,0,48
FD003,LSTM,59,True,37.0,False,0,169
FD003,LSTM,60,True,21.0,False,0,60
FD003,LSTM,61,True,34.0,False,0,69
FD003,LSTM,62,True,28.0,False,0,116
FD003,LSTM,63,True,36.0,False,0,101
FD003,LSTM,64,True,26.0,False,0,65
FD003,LSTM,65,True,30.0,False,0,104
FD003,LSTM,66,True,26.0,False,0,35
FD003,LSTM,67,True,42.0,False,0,133
FD003,LSTM,68,True,28.0,False,0,71
FD003,LSTM,69,True,28.0,False,0,40
FD003,LSTM,70,True,16.0,False,0,42
FD003,LSTM,71,True,31.0,False,0,279
FD003,LSTM,72,True,20.0,False,0,102
FD003,LSTM,73,True,30.0,False,0,85
FD003,LSTM,74,True,30.0,False,0,63
FD003,LSTM,75,True,21.0,False,0,129
FD003,LSTM,76,True,30.0,False,0,23
FD003,LSTM,77,True,31.0,False,0,125
FD003,LSTM,78,True,30.0,False,0,91
FD003,LSTM,79,True,23.0,False,0,36
FD003,LSTM,80,True,28.0,False,0,17
FD003,LSTM,81,True,26.0,False,0,217
FD003,LSTM,82,True,27.0,False,0,155
FD003,LSTM,83,True,38.0,False,0,51
FD003,LSTM,84,True,28.0,False,0,96
FD003,LSTM,85,True,27.0,False,0,136
FD003,LSTM,86,True,48.0,False,0,211
FD003,LSTM,87,True,24.0,False,0,42
FD003,LSTM,88,True,26.0,False,0,192
FD003,LSTM,89,True,30.0,False,0,77
FD003,LSTM,90,True,22.0,False,0,51
FD003,LSTM,91,True,25.0,False,0,26
FD003,LSTM,92,True,55.0,False,0,28
FD003,LSTM,93,True,22.0,False,0,41
FD003,LSTM,94,True,44.0,False,0,262
FD003,LSTM,95,True,27.0,False,0,36
FD003,LSTM,96,True,37.0,False,0,361
FD003,LSTM,97,True,26.0,False,0,145
FD003,LSTM,98,True,29.0,False,0,177
FD003,LSTM,99,True,30.0,False,0,15
FD003,LSTM,100,True,30.0,False,0,22
FD003,Static_Threshold,1,True,26.0,False,0,158
FD003,Static_Threshold,28,True,23.0,False,0,99
FD003,Static_Threshold,35,True,29.0,False,0,130
FD003,Static_Threshold,36,True,25.0,False,0,223
FD003,Static_Threshold,37,True,53.0,False,0,223
FD003,Static_Threshold,40,True,32.0,False,0,87
FD003,Static_Threshold,47,True,28.0,False,0,168
FD003,Static_Threshold,48,True,32.0,False,0,73
FD003,Static_Threshold,51,True,22.0,False,0,89
FD003,Static_Threshold,52,True,31.0,False,0,121
FD003,Static_Threshold,53,True,11.0,False,0,63
FD003,Static_Threshold,55,True,73.0,False,0,424
FD003,Static_Threshold,56,True,33.0,False,0,94
FD003,Static_Threshold,59,True,77.0,False,0,198
FD003,Static_Threshold,62,True,30.0,False,0,145
FD003,Static_Threshold,73,True,27.0,False,0,114
FD003,Static_Threshold,80,True,17.0,False,0,46
FD003,Static_Threshold,89,True,32.0,False,0,106
FD003,Static_Threshold,93,True,18.0,False,0,70
FD003,Static_Threshold,94,False,0.0,True,5,291
FD003,Static_Threshold,5,True,37.0,False,0,112
FD003,Static_Threshold,8,True,51.0,False,0,166
FD003,Static_Threshold,9,False,0.0,True,7,305
FD003,Static_Threshold,17,True,43.0,False,0,211
FD003,Static_Threshold,24,True,64.0,False,0,393
FD003,Static_Threshold,25,True,21.0,False,0,92
FD003,Static_Threshold,33,True,38.0,False,0,130
FD003,Static_Threshold,46,True,34.0,False,0,103
FD003,Static_Threshold,49,True,50.0,False,0,155
FD003,Static_Threshold,50,True,14.0,False,0,60
FD003,Static_Threshold,61,True,39.0,False,0,98
FD003,Static_Threshold,64,True,21.0,False,0,94
FD003,Static_Threshold,69,True,25.0,False,0,69
FD003,Static_Threshold,76,True,36.0,False,0,52
FD003,Static_Threshold,77,True,75.0,False,0,154
FD003,Static_Threshold,78,True,23.0,False,0,120
FD003,Static_Threshold,81,True,54.0,False,0,246
FD003,Static_Threshold,83,True,23.0,False,0,80
FD003,Static_Threshold,90,True,18.0,False,0,80
FD003,Static_Threshold,98,True,55.0,False,0,206
FD003,Static_Threshold,11,True,22.0,False,0,96
FD003,Static_Threshold,12,True,19.0,False,0,69
FD003,Static_Threshold,13,True,31.0,False,0,84
FD003,Static_Threshold,14,True,18.0,False,0,106
FD003,Static_Threshold,16,True,59.0,False,0,243
FD003,Static_Threshold,21,True,36.0,False,0,119
FD003,Static_Threshold,22,True,19.0,False,0,91
FD003,Static_Threshold,23,True,16.0,False,0,95
FD003,Static_Threshold,39,True,46.0,False,0,187
FD003,Static_Threshold,58,True,18.0,False,0,77
FD003,Static_Threshold,65,True,17.0,False,0,133
FD003,Static_Threshold,71,True,54.0,False,0,308
FD003,Static_Threshold,72,True,52.0,False,0,131
FD003,Static_Threshold,84,True,30.0,False,0,125
FD003,Static_Threshold,85,True,53.0,False,0,165
FD003,Static_Threshold,88,True,56.0,False,0,221
FD003,Static_Threshold,91,True,15.0,False,0,55
FD003,Static_Threshold,92,True,22.0,False,0,57
FD003,Static_Threshold,96,True,89.0,False,0,390
FD003,Static_Threshold,97,True,44.0,False,0,174
FD003,Static_Threshold,6,True,45.0,False,0,177
FD003,Static_Threshold,7,True,61.0,False,0,323
FD003,Static_Threshold,10,True,39.0,False,0,380
FD003,Static_Threshold,26,True,22.0,False,0,142
FD003,Static_Threshold,27,True,44.0,False,0,219
FD003,Static_Threshold,29,True,23.0,False,0,122
FD003,Static_Threshold,30,True,18.0,False,0,117
FD003,Static_Threshold,32,True,22.0,False,0,88
FD003,Static_Threshold,45,True,30.0,False,0,104
FD003,Static_Threshold,54,True,34.0,False,0,93
FD003,Static_Threshold,60,True,26.0,False,0,89
FD003,Static_Threshold,63,True,26.0,False,0,130
FD003,Static_Threshold,66,True,25.0,False,0,64
FD003,Static_Threshold,67,True,44.0,False,0,162
FD003,Static_Threshold,68,True,17.0,False,0,100
FD003,Static_Threshold,70,True,7.0,False,0,71
FD003,Static_Threshold,82,True,53.0,False,0,184
FD003,Static_Threshold,86,True,46.0,False,0,240
FD003,Static_Threshold,87,True,25.0,False,0,71
FD003,Static_Threshold,99,True,30.0,False,0,44
FD003,Static_Threshold,2,True,41.0,False,0,152
FD003,Static_Threshold,3,True,23.0,False,0,121
FD003,Static_Threshold,4,True,52.0,False,0,171
FD003,Static_Threshold,15,True,45.0,False,0,101
FD003,Static_Threshold,18,True,55.0,False,0,346
FD003,Static_Threshold,19,True,53.0,False,0,128
FD003,Static_Threshold,20,True,64.0,False,0,237
FD003,Static_Threshold,31,True,32.0,False,0,82
FD003,Static_Threshold,34,True,64.0,False,0,358
FD003,Static_Threshold,38,True,42.0,False,0,100
FD003,Static_Threshold,41,True,59.0,False,0,194
FD003,Static_Threshold,42,True,22.0,False,0,92
FD003,Static_Threshold,43,True,51.0,False,0,220
FD003,Static_Threshold,44,True,37.0,False,0,79
FD003,Static_Threshold,57,True,42.0,False,0,114
FD003,Static_Threshold,74,True,39.0,False,0,92
FD003,Static_Threshold,75,True,31.0,False,0,158
FD003,Static_Threshold,79,True,14.0,False,0,65
FD003,Static_Threshold,95,True,33.0,False,0,65
FD003,Static_Threshold,100,True,19.0,False,0,51
FD003,EWMA_Control_Limits,1,True,45.0,False,0,158
FD003,EWMA_Control_Limits,28,True,30.0,False,0,99
FD003,EWMA_Control_Limits,35,True,32.0,False,0,130
FD003,EWMA_Control_Limits,36,True,45.0,False,0,223
FD003,EWMA_Control_Limits,37,True,51.0,False,0,223
FD003,EWMA_Control_Limits,40,True,46.0,False,0,87
FD003,EWMA_Control_Limits,47,True,47.0,False,0,168
FD003,EWMA_Control_Limits,48,True,35.0,False,0,73
FD003,EWMA_Control_Limits,51,True,26.0,False,0,89
FD003,EWMA_Control_Limits,52,True,32.0,False,0,121
FD003,EWMA_Control_Limits,53,True,19.0,False,0,63
FD003,EWMA_Control_Limits,55,True,69.0,False,0,424
FD003,EWMA_Control_Limits,56,True,53.0,False,0,94
FD003,EWMA_Control_Limits,59,True,96.0,False,0,198
FD003,EWMA_Control_Limits,62,True,39.0,False,0,145
FD003,EWMA_Control_Limits,73,True,28.0,False,0,114
FD003,EWMA_Control_Limits,80,True,26.0,False,0,46
FD003,EWMA_Control_Limits,89,True,31.0,False,0,106
FD003,EWMA_Control_Limits,93,True,24.0,False,0,70
FD003,EWMA_Control_Limits,94,False,0.0,True,72,291
FD003,EWMA_Control_Limits,5,True,45.0,False,0,112
FD003,EWMA_Control_Limits,8,True,83.0,False,0,166
FD003,EWMA_Control_Limits,9,False,0.0,True,49,305
FD003,EWMA_Control_Limits,17,True,40.0,False,0,211
FD003,EWMA_Control_Limits,24,True,57.0,False,0,393
FD003,EWMA_Control_Limits,25,True,23.0,False,0,92
FD003,EWMA_Control_Limits,33,True,46.0,False,0,130
FD003,EWMA_Control_Limits,46,True,34.0,False,0,103
FD003,EWMA_Control_Limits,49,True,59.0,False,0,155
FD003,EWMA_Control_Limits,50,True,19.0,False,0,60
FD003,EWMA_Control_Limits,61,True,43.0,False,0,98
FD003,EWMA_Control_Limits,64,True,26.0,False,0,94
FD003,EWMA_Control_Limits,69,True,40.0,False,0,69
FD003,EWMA_Control_Limits,76,True,50.0,False,0,52
FD003,EWMA_Control_Limits,77,True,74.0,False,0,154
FD003,EWMA_Control_Limits,78,True,40.0,False,0,120
FD003,EWMA_Control_Limits,81,True,52.0,False,0,246
FD003,EWMA_Control_Limits,83,True,37.0,False,0,80
FD003,EWMA_Control_Limits,90,True,24.0,False,0,80
FD003,EWMA_Control_Limits,98,True,61.0,False,0,206
FD003,EWMA_Control_Limits,11,True,21.0,False,0,96
FD003,EWMA_Control_Limits,12,True,30.0,False,0,69
FD003,EWMA_Control_Limits,13,True,51.0,False,0,84
FD003,EWMA_Control_Limits,14,True,27.0,False,0,106
FD003,EWMA_Control_Limits,16,True,79.0,False,0,243
FD003,EWMA_Control_Limits,21,True,47.0,False,0,119
FD003,EWMA_Control_Limits,22,True,31.0,False,0,91
FD003,EWMA_Control_Limits,23,True,23.0,False,0,95
FD003,EWMA_Control_Limits,39,True,52.0,False,0,187
FD003,EWMA_Control_Limits,58,True,30.0,False,0,77
FD003,EWMA_Control_Limits,65,True,31.0,False,0,133
FD003,EWMA_Control_Limits,71,True,52.0,False,0,308
FD003,EWMA_Control_Limits,72,True,48.0,False,0,131
FD003,EWMA_Control_Limits,84,True,31.0,False,0,125
FD003,EWMA_Control_Limits,85,True,65.0,False,0,165
FD003,EWMA_Control_Limits,88,True,55.0,False,0,221
FD003,EWMA_Control_Limits,91,True,18.0,False,0,55
FD003,EWMA_Control_Limits,92,True,49.0,False,0,57
FD003,EWMA_Control_Limits,96,True,97.0,False,0,390
FD003,EWMA_Control_Limits,97,True,57.0,False,0,174
FD003,EWMA_Control_Limits,6,True,74.0,False,0,177
FD003,EWMA_Control_Limits,7,True,60.0,False,0,323
FD003,EWMA_Control_Limits,10,True,38.0,False,0,380
FD003,EWMA_Control_Limits,26,True,30.0,False,0,142
FD003,EWMA_Control_Limits,27,True,39.0,False,0,219
FD003,EWMA_Control_Limits,29,True,49.0,False,0,122
FD003,EWMA_Control_Limits,30,True,25.0,False,0,117
FD003,EWMA_Control_Limits,32,True,30.0,False,0,88
FD003,EWMA_Control_Limits,45,True,32.0,False,0,104
FD003,EWMA_Control_Limits,54,True,50.0,False,0,93
FD003,EWMA_Control_Limits,60,True,20.0,False,0,89
FD003,EWMA_Control_Limits,63,True,40.0,False,0,130
FD003,EWMA_Control_Limits,66,True,28.0,False,0,64
FD003,EWMA_Control_Limits,67,True,64.0,False,0,162
FD003,EWMA_Control_Limits,68,True,20.0,False,0,100
FD003,EWMA_Control_Limits,70,True,18.0,False,0,71
FD003,EWMA_Control_Limits,82,True,76.0,False,0,184
FD003,EWMA_Control_Limits,86,True,59.0,False,0,240
FD003,EWMA_Control_Limits,87,True,39.0,False,0,71
FD003,EWMA_Control_Limits,99,True,40.0,False,0,44
FD003,EWMA_Control_Limits,2,True,41.0,False,0,152
FD003,EWMA_Control_Limits,3,True,37.0,False,0,121
FD003,EWMA_Control_Limits,4,True,99.0,False,0,171
FD003,EWMA_Control_Limits,15,True,81.0,False,0,101
FD003,EWMA_Control_Limits,18,True,57.0,False,0,346
FD003,EWMA_Control_Limits,19,True,77.0,False,0,128
FD003,EWMA_Control_Limits,20,True,79.0,False,0,237
FD003,EWMA_Control_Limits,31,True,44.0,False,0,82
FD003,EWMA_Control_Limits,34,True,79.0,False,0,358
FD003,EWMA_Control_Limits,38,True,47.0,False,0,100
FD003,EWMA_Control_Limits,41,True,75.0,False,0,194
FD003,EWMA_Control_Limits,42,True,22.0,False,0,92
FD003,EWMA_Control_Limits,43,True,65.0,False,0,220
FD003,EWMA_Control_Limits,44,True,57.0,False,0,79
FD003,EWMA_Control_Limits,57,True,47.0,False,0,114
FD003,EWMA_Control_Limits,74,True,48.0,False,0,92
FD003,EWMA_Control_Limits,75,True,43.0,False,0,158
FD003,EWMA_Control_Limits,79,True,25.0,False,0,65
FD003,EWMA_Control_Limits,95,True,44.0,False,0,65
FD003,EWMA_Control_Limits,100,True,39.0,False,0,51
FD004,IsolationForest,1,True,60.0,False,0,191
FD004,IsolationForest,2,True,54.0,False,0,169
FD004,IsolationForest,3,False,0.0,True,26,177
FD004,IsolationForest,4,True,93.0,False,0,144
FD004,IsolationForest,5,False,0.0,True,61,63
FD004,IsolationForest,6,True,88.0,False,0,201
FD004,IsolationForest,7,True,81.0,False,0,91
FD004,IsolationForest,8,True,40.0,False,0,100
FD004,IsolationForest,9,True,83.0,False,0,204
FD004,IsolationForest,10,True,78.0,False,0,224
FD004,IsolationForest,11,True,89.0,False,0,171
FD004,IsolationForest,12,True,56.0,False,0,142
FD004,IsolationForest,13,True,37.0,False,0,126
FD004,IsolationForest,14,True,55.0,False,0,123
FD004,IsolationForest,15,True,90.0,False,0,94
FD004,IsolationForest,16,True,48.0,False,0,54
FD004,IsolationForest,17,True,23.0,False,0,21
FD004,IsolationForest,18,True,84.0,False,0,213
FD004,IsolationForest,19,True,69.0,False,0,80
FD004,IsolationForest,20,True,61.0,False,0,115
FD004,IsolationForest,21,True,76.0,False,0,97
FD004,IsolationForest,22,True,61.0,False,0,81
FD004,IsolationForest,23,True,33.0,False,0,150
FD004,IsolationForest,24,True,24.0,False,0,56
FD004,IsolationForest,25,True,24.0,False,0,20
FD004,IsolationForest,26,True,42.0,False,0,167
FD004,IsolationForest,27,True,59.0,False,0,33
FD004,IsolationForest,28,True,26.0,False,0,72
FD004,IsolationForest,29,True,70.0,False,0,117
FD004,IsolationForest,30,True,85.0,False,0,167
FD004,IsolationForest,31,True,48.0,False,0,133
FD004,IsolationForest,32,True,68.0,False,0,89
FD004,IsolationForest,33,True,71.0,False,0,71
FD004,IsolationForest,34,True,60.0,False,0,146
FD004,IsolationForest,35,True,99.0,False,0,91
FD004,IsolationForest,36,True,69.0,False,0,13
FD004,IsolationForest,37,True,80.0,False,0,258
FD004,IsolationForest,38,True,68.0,False,0,47
FD004,IsolationForest,39,True,46.0,False,0,72
FD004,IsolationForest,40,True,33.0,False,0,76
FD004,IsolationForest,41,True,82.0,False,0,149
FD004,IsolationForest,42,True,73.0,False,0,150
FD004,IsolationForest,43,True,67.0,False,0,93
FD004,IsolationForest,44,True,68.0,False,0,73
FD004,IsolationForest,45,True,64.0,False,0,47
FD004,IsolationForest,46,True,82.0,False,0,191
FD004,IsolationForest,47,True,66.0,False,0,245
FD004,IsolationForest,48,False,0.0,True,190,192
FD004,IsolationForest,49,False,0.0,True,22,316
FD004,IsolationForest,50,True,48.0,False,0,42
FD004,IsolationForest,51,True,89.0,False,0,155
FD004,IsolationForest,52,True,94.0,False,0,227
FD004,IsolationForest,53,True,53.0,False,0,174
FD004,IsolationForest,54,True,41.0,False,0,67
FD004,IsolationForest,55,False,0.0,True,3,214
FD004,IsolationForest,56,True,98.0,False,0,217
FD004,IsolationForest,57,True,43.0,False,0,63
FD004,IsolationForest,58,True,77.0,False,0,151
FD004,IsolationForest,59,True,24.0,False,0,47
FD004,IsolationForest,60,True,60.0,False,0,88
FD004,IsolationForest,61,True,65.0,False,0,114
FD004,IsolationForest,62,False,0.0,True,13,167
FD004,IsolationForest,63,True,49.0,False,0,40
FD004,IsolationForest,64,True,38.0,False,0,54
FD004,IsolationForest,65,False,0.0,True,11,221
FD004,IsolationForest,66,True,42.0,False,0,45
FD004,IsolationForest,67,True,35.0,False,0,37
FD004,IsolationForest,68,True,56.0,False,0,33
FD004,IsolationForest,69,True,42.0,False,0,96
FD004,IsolationForest,70,True,29.0,False,0,55
FD004,IsolationForest,71,False,0.0,True,105,182
FD004,IsolationForest,72,True,40.0,False,0,178
FD004,IsolationForest,73,True,53.0,False,0,51
FD004,IsolationForest,74,True,34.0,False,0,114
FD004,IsolationForest,75,False,0.0,True,10,100
FD004,IsolationForest,76,True,29.0,False,0,22
FD004,IsolationForest,77,True,28.0,False,0,18
FD004,IsolationForest,78,True,73.0,False,0,120
FD004,IsolationForest,79,True,61.0,False,0,88
FD004,IsolationForest,80,True,80.0,False,0,175
FD004,IsolationForest,81,True,45.0,False,0,57
FD004,IsolationForest,82,True,53.0,False,0,67
FD004,IsolationForest,83,True,30.0,False,0,54
FD004,IsolationForest,84,True,24.0,False,0,29
FD004,IsolationForest,85,True,92.0,False,0,147
FD004,IsolationForest,86,True,71.0,False,0,102
FD004,IsolationForest,87,False,0.0,True,9,129
FD004,IsolationForest,88,False,0.0,True,166,258
FD004,IsolationForest,89,True,47.0,False,0,38
FD004,IsolationForest,90,True,55.0,False,0,82
FD004,IsolationForest,91,True,93.0,False,0,224
FD004,IsolationForest,92,True,58.0,False,0,61
FD004,IsolationForest,93,True,64.0,False,0,66
FD004,IsolationForest,94,True,82.0,False,0,119
FD004,IsolationForest,95,True,61.0,False,0,109
FD004,IsolationForest,96,True,72.0,False,0,140
FD004,IsolationForest,97,True,100.0,False,0,132
FD004,IsolationForest,98,True,67.0,False,0,115
FD004,IsolationForest,99,True,20.0,False,0,37
FD004,IsolationForest,100,True,63.0,False,0,131
FD004,IsolationForest,101,True,56.0,False,0,130
FD004,IsolationForest,102,True,52.0,False,0,64
FD004,IsolationForest,103,True,77.0,False,0,94
FD004,IsolationForest,104,True,47.0,False,0,73
FD004,IsolationForest,105,True,16.0,False,0,40
FD004,IsolationForest,106,True,62.0,False,0,136
FD004,IsolationForest,107,True,28.0,False,0,53
FD004,IsolationForest,108,False,0.0,True,8,174
FD004,IsolationForest,109,True,84.0,False,0,195
FD004,IsolationForest,110,True,29.0,False,0,56
FD004,IsolationForest,111,True,80.0,False,0,167
FD004,IsolationForest,112,True,48.0,False,0,210
FD004,IsolationForest,113,True,26.0,False,0,54
FD004,IsolationForest,114,True,53.0,False,0,31
FD004,IsolationForest,115,True,53.0,False,0,1
FD004,IsolationForest,116,True,81.0,False,0,214
FD004,IsolationForest,117,False,0.0,True,21,212
FD004,IsolationForest,118,False,0.0,True,47,413
FD004,IsolationForest,119,True,46.0,False,0,57
FD004,IsolationForest,120,True,27.0,False,0,47
FD004,IsolationForest,121,True,39.0,False,0,64
FD004,IsolationForest,122,True,30.0,False,0,44
FD004,IsolationForest,123,True,65.0,False,0,96
FD004,IsolationForest,124,True,27.0,False,0,40
FD004,IsolationForest,125,True,96.0,False,0,109
FD004,IsolationForest,126,True,59.0,False,0,172
FD004,IsolationForest,127,True,60.0,False,0,105
FD004,IsolationForest,128,False,0.0,True,41,118
FD004,IsolationForest,129,True,49.0,False,0,60
FD004,IsolationForest,130,True,30.0,False,0,36
FD004,IsolationForest,131,True,93.0,False,0,240
FD004,IsolationForest,132,True,51.0,False,0,124
FD004,IsolationForest,133,False,0.0,True,356,359
FD004,IsolationForest,134,True,20.0,False,0,117
FD004,IsolationForest,135,True,45.0,False,0,19
FD004,IsolationForest,136,True,45.0,False,0,75
FD004,IsolationForest,137,True,35.0,False,0,95
FD004,IsolationForest,138,True,21.0,False,0,48
FD004,IsolationForest,139,True,67.0,False,0,121
FD004,IsolationForest,140,False,0.0,True,20,168
FD004,IsolationForest,141,True,90.0,False,0,69
FD004,IsolationForest,142,True,49.0,False,0,79
FD004,IsolationForest,143,True,25.0,False,0,54
FD004,IsolationForest,144,True,95.0,False,0,167
FD004,IsolationForest,145,True,61.0,False,0,98
FD004,IsolationForest,146,True,69.0,False,0,173
FD004,IsolationForest,147,True,46.0,False,0,104
FD004,IsolationForest,148,True,46.0,False,0,63
FD004,IsolationForest,149,True,90.0,False,0,131
FD004,IsolationForest,150,True,25.0,False,0,19
FD004,IsolationForest,151,True,77.0,False,0,221
FD004,IsolationForest,152,True,50.0,False,0,132
FD004,IsolationForest,153,True,30.0,False,0,38
FD004,IsolationForest,154,True,47.0,False,0,73
FD004,IsolationForest,155,True,77.0,False,0,165
FD004,IsolationForest,156,True,28.0,False,0,9
FD004,IsolationForest,157,False,0.0,True,166,168
FD004,IsolationForest,158,False,0.0,True,58,269
FD004,IsolationForest,159,False,0.0,True,156,158
FD004,IsolationForest,160,True,22.0,False,0,57
FD004,IsolationForest,161,True,68.0,False,0,173
FD004,IsolationForest,162,True,64.0,False,0,183
FD004,IsolationForest,163,False,0.0,True,138,155
FD004,IsolationForest,164,True,80.0,False,0,250
FD004,IsolationForest,165,True,52.0,False,0,125
FD004,IsolationForest,166,True,85.0,False,0,139
FD004,IsolationForest,167,True,49.0,False,0,133
FD004,IsolationForest,168,True,68.0,False,0,66
FD004,IsolationForest,169,True,61.0,False,0,97
FD004,IsolationForest,170,True,34.0,False,0,31
FD004,IsolationForest,171,False,0.0,True,95,269
FD004,IsolationForest,172,True,96.0,False,0,143
FD004,IsolationForest,173,True,92.0,False,0,327
FD004,IsolationForest,174,True,74.0,False,0,240
FD004,IsolationForest,175,True,50.0,False,0,26
FD004,IsolationForest,176,True,31.0,False,0,50
FD004,IsolationForest,177,True,68.0,False,0,112
FD004,IsolationForest,178,True,47.0,False,0,40
FD004,IsolationForest,179,False,0.0,True,166,305
FD004,IsolationForest,180,True,93.0,False,0,214
FD004,IsolationForest,181,True,31.0,False,0,4
FD004,IsolationForest,182,True,16.0,False,0,75
FD004,IsolationForest,183,True,42.0,False,0,60
FD004,IsolationForest,184,False,0.0,True,80,249
FD004,IsolationForest,185,False,0.0,True,27,129
FD004,IsolationForest,186,True,16.0,False,0,33
FD004,IsolationForest,187,True,75.0,False,0,143
FD004,IsolationForest,188,True,41.0,False,0,124
FD004,IsolationForest,189,True,55.0,False,0,109
FD004,IsolationForest,190,True,83.0,False,0,251
FD004,IsolationForest,191,True,84.0,False,0,167
FD004,IsolationForest,192,True,37.0,False,0,60
FD004,IsolationForest,193,True,60.0,False,0,67
FD004,IsolationForest,194,True,32.0,False,0,15
FD004,IsolationForest,195,True,27.0,False,0,29
FD004,IsolationForest,196,True,62.0,False,0,44
FD004,IsolationForest,197,True,31.0,False,0,40
FD004,IsolationForest,198,True,83.0,False,0,34
FD004,IsolationForest,199,True,31.0,False,0,46
FD004,IsolationForest,200,True,57.0,False,0,95
FD004,IsolationForest,201,True,100.0,False,0,248
FD004,IsolationForest,202,True,64.0,False,0,111
FD004,IsolationForest,203,False,0.0,True,175,194
FD004,IsolationForest,204,True,67.0,False,0,81
FD004,IsolationForest,205,True,77.0,False,0,112
FD004,IsolationForest,206,True,48.0,False,0,133
FD004,IsolationForest,207,False,0.0,True,35,249
FD004,IsolationForest,208,True,99.0,False,0,160
FD004,IsolationForest,209,True,42.0,False,0,31
FD004,IsolationForest,210,True,55.0,False,0,37
FD004,IsolationForest,211,True,28.0,False,0,16
FD004,IsolationForest,212,True,48.0,False,0,99
FD004,IsolationForest,213,True,87.0,False,0,67
FD004,IsolationForest,214,True,31.0,False,0,0
FD004,IsolationForest,215,True,79.0,False,0,231
FD004,IsolationForest,216,True,65.0,False,0,114
FD004,IsolationForest,217,True,47.0,False,0,70
FD004,IsolationForest,218,True,42.0,False,0,106
FD004,IsolationForest,219,True,70.0,False,0,60
FD004,IsolationForest,220,True,52.0,False,0,72
FD004,IsolationForest,221,False,0.0,True,9,144
FD004,IsolationForest,222,True,44.0,False,0,72
FD004,IsolationForest,223,True,26.0,False,0,117
FD004,IsolationForest,224,True,68.0,False,0,138
FD004,IsolationForest,225,False,0.0,True,229,288
FD004,IsolationForest,226,True,39.0,False,0,64
FD004,IsolationForest,227,True,70.0,False,0,157
FD004,IsolationForest,228,True,84.0,False,0,149
FD004,IsolationForest,229,True,65.0,False,0,150
FD004,IsolationForest,230,True,83.0,False,0,120
FD004,IsolationForest,231,True,27.0,False,0,64
FD004,IsolationForest,232,True,46.0,False,0,143
FD004,IsolationForest,233,True,69.0,False,0,159
FD004,IsolationForest,234,True,65.0,False,0,77
FD004,IsolationForest,235,True,70.0,False,0,69
FD004,IsolationForest,236,True,51.0,False,0,95
FD004,IsolationForest,237,True,44.0,False,0,82
FD004,IsolationForest,238,True,39.0,False,0,57
FD004,IsolationForest,239,True,79.0,False,0,235
FD004,IsolationForest,240,True,16.0,False,0,19
FD004,IsolationForest,241,True,43.0,False,0,202
FD004,IsolationForest,242,True,32.0,False,0,92
FD004,IsolationForest,243,True,78.0,False,0,197
FD004,IsolationForest,244,True,88.0,False,0,137
FD004,IsolationForest,245,True,20.0,False,0,75
FD004,IsolationForest,246,True,48.0,False,0,31
FD004,IsolationForest,247,True,95.0,False,0,81
FD004,IsolationForest,248,True,32.0,False,0,54
FD004,IsolationForest,249,True,63.0,False,0,125
FD004,RandomForest,1,True,28.0,False,0,191
FD004,RandomForest,2,True,21.0,False,0,169
FD004,RandomForest,3,True,37.0,False,0,177
FD004,RandomForest,4,True,45.0,False,0,144
FD004,RandomForest,5,True,29.0,False,0,63
FD004,RandomForest,6,True,27.0,False,0,201
FD004,RandomForest,7,True,45.0,False,0,91
FD004,RandomForest,8,True,23.0,False,0,100
FD004,RandomForest,9,True,23.0,False,0,204
FD004,RandomForest,10,True,25.0,False,0,224
FD004,RandomForest,11,True,53.0,False,0,171
FD004,RandomForest,12,True,29.0,False,0,142
FD004,RandomForest,13,True,30.0,False,0,126
FD004,RandomForest,14,True,24.0,False,0,123
FD004,RandomForest,15,True,27.0,False,0,94
FD004,RandomForest,16,True,26.0,False,0,54
FD004,RandomForest,17,True,14.0,False,0,21
FD004,RandomForest,18,True,29.0,False,0,213
FD004,RandomForest,19,True,41.0,False,0,80
FD004,RandomForest,20,True,41.0,False,0,115
FD004,RandomForest,21,True,25.0,False,0,97
FD004,RandomForest,22,True,22.0,False,0,81
FD004,RandomForest,23,True,25.0,False,0,150
FD004,RandomForest,24,True,23.0,False,0,56
FD004,RandomForest,25,True,22.0,False,0,20
FD004,RandomForest,26,True,47.0,False,0,167
FD004,RandomForest,27,True,32.0,False,0,33
FD004,RandomForest,28,True,22.0,False,0,72
FD004,RandomForest,29,True,49.0,False,0,117
FD004,RandomForest,30,True,37.0,False,0,167
FD004,RandomForest,31,True,34.0,False,0,133
FD004,RandomForest,32,True,34.0,False,0,89
FD004,RandomForest,33,True,20.0,False,0,71
FD004,RandomForest,34,True,36.0,False,0,146
FD004,RandomForest,35,True,21.0,False,0,91
FD004,RandomForest,36,True,31.0,False,0,13
FD004,RandomForest,37,True,26.0,False,0,258
FD004,RandomForest,38,True,24.0,False,0,47
FD004,RandomForest,39,True,25.0,False,0,72
FD004,RandomForest,40,True,29.0,False,0,76
FD004,RandomForest,41,True,51.0,False,0,149
FD004,RandomForest,42,True,27.0,False,0,150
FD004,RandomForest,43,True,22.0,False,0,93
FD004,RandomForest,44,True,21.0,False,0,73
FD004,RandomForest,45,True,25.0,False,0,47
FD004,RandomForest,46,True,18.0,False,0,191
FD004,RandomForest,47,True,34.0,False,0,245
FD004,RandomForest,48,True,28.0,False,0,192
FD004,RandomForest,49,True,31.0,False,0,316
FD004,RandomForest,50,True,27.0,False,0,42
FD004,RandomForest,51,True,22.0,False,0,155
FD004,RandomForest,52,True,30.0,False,0,227
FD004,RandomForest,53,True,32.0,False,0,174
FD004,RandomForest,54,True,28.0,False,0,67
FD004,RandomForest,55,True,31.0,False,0,214
FD004,RandomForest,56,True,65.0,False,0,217
FD004,RandomForest,57,True,43.0,False,0,63
FD004,RandomForest,58,True,22.0,False,0,151
FD004,RandomForest,59,True,23.0,False,0,47
FD004,RandomForest,60,True,32.0,False,0,88
FD004,RandomForest,61,True,26.0,False,0,114
FD004,RandomForest,62,True,89.0,False,0,167
FD004,RandomForest,63,True,26.0,False,0,40
FD004,RandomForest,64,True,25.0,False,0,54
FD004,RandomForest,65,True,68.0,False,0,221
FD004,RandomForest,66,True,20.0,False,0,45
FD004,RandomForest,67,True,22.0,False,0,37
FD004,RandomForest,68,True,29.0,False,0,33
FD004,RandomForest,69,True,27.0,False,0,96
FD004,RandomForest,70,True,20.0,False,0,55
FD004,RandomForest,71,False,0.0,True,74,182
FD004,RandomForest,72,True,39.0,False,0,178
FD004,RandomForest,73,True,14.0,False,0,51
FD004,RandomForest,74,True,27.0,False,0,114
FD004,RandomForest,75,True,55.0,False,0,100
FD004,RandomForest,76,True,17.0,False,0,22
FD004,RandomForest,77,True,19.0,False,0,18
FD004,RandomForest,78,True,22.0,False,0,120
FD004,RandomForest,79,True,22.0,False,0,88
FD004,RandomForest,80,True,25.0,False,0,175
FD004,RandomForest,81,True,26.0,False,0,57
FD004,RandomForest,82,True,39.0,False,0,67
FD004,RandomForest,83,True,18.0,False,0,54
FD004,RandomForest,84,True,21.0,False,0,29
FD004,RandomForest,85,True,40.0,False,0,147
FD004,RandomForest,86,True,34.0,False,0,102
FD004,RandomForest,87,True,23.0,False,0,129
FD004,RandomForest,88,True,27.0,False,0,258
FD004,RandomForest,89,True,23.0,False,0,38
FD004,RandomForest,90,True,27.0,False,0,82
FD004,RandomForest,91,True,27.0,False,0,224
FD004,RandomForest,92,True,21.0,False,0,61
FD004,RandomForest,93,True,34.0,False,0,66
FD004,RandomForest,94,True,27.0,False,0,119
FD004,RandomForest,95,True,20.0,False,0,109
FD004,RandomForest,96,True,31.0,False,0,140
FD004,RandomForest,97,True,32.0,False,0,132
FD004,RandomForest,98,True,35.0,False,0,115
FD004,RandomForest,99,True,27.0,False,0,37
FD004,RandomForest,100,True,25.0,False,0,131
FD004,RandomForest,101,True,32.0,False,0,130
FD004,RandomForest,102,True,29.0,False,0,64
FD004,RandomForest,103,True,35.0,False,0,94
FD004,RandomForest,104,True,23.0,False,0,73
FD004,RandomForest,105,True,15.0,False,0,40
FD004,RandomForest,106,True,33.0,False,0,136
FD004,RandomForest,107,True,26.0,False,0,53
FD004,RandomForest,108,True,30.0,False,0,174
FD004,RandomForest,109,True,28.0,False,0,195
FD004,RandomForest,110,True,19.0,False,0,56
FD004,RandomForest,111,True,31.0,False,0,167
FD004,RandomForest,112,True,32.0,False,0,210
FD004,RandomForest,113,True,26.0,False,0,54
FD004,RandomForest,114,True,13.0,False,0,31
FD004,RandomForest,115,True,22.0,False,0,1
FD004,RandomForest,116,True,25.0,False,0,214
FD004,RandomForest,117,True,34.0,False,0,212
FD004,RandomForest,118,True,42.0,False,0,413
FD004,RandomForest,119,True,31.0,False,0,57
FD004,RandomForest,120,True,19.0,False,0,47
FD004,RandomForest,121,True,26.0,False,0,64
FD004,RandomForest,122,True,24.0,False,0,44
FD004,RandomForest,123,True,37.0,False,0,96
FD004,RandomForest,124,True,23.0,False,0,40
FD004,RandomForest,125,True,24.0,False,0,109
FD004,RandomForest,126,True,27.0,False,0,172
FD004,RandomForest,127,True,26.0,False,0,105
FD004,RandomForest,128,True,25.0,False,0,118
FD004,RandomForest,129,True,27.0,False,0,60
FD004,RandomForest,130,True,17.0,False,0,36
FD004,RandomForest,131,True,33.0,False,0,240
FD004,RandomForest,132,True,31.0,False,0,124
FD004,RandomForest,133,True,43.0,False,0,359
FD004,RandomForest,134,True,27.0,False,0,117
FD004,RandomForest,135,True,20.0,False,0,19
FD004,RandomForest,136,True,19.0,False,0,75
FD004,RandomForest,137,True,26.0,False,0,95
FD004,RandomForest,138,True,24.0,False,0,48
FD004,RandomForest,139,True,33.0,False,0,121
FD004,RandomForest,140,True,50.0,False,0,168
FD004,RandomForest,141,True,43.0,False,0,69
FD004,RandomForest,142,True,23.0,False,0,79
FD004,RandomForest,143,True,24.0,False,0,54
FD004,RandomForest,144,True,28.0,False,0,167
FD004,RandomForest,145,True,26.0,False,0,98
FD004,RandomForest,146,True,37.0,False,0,173
FD004,RandomForest,147,True,32.0,False,0,104
FD004,RandomForest,148,True,21.0,False,0,63
FD004,RandomForest,149,True,26.0,False,0,131
FD004,RandomForest,150,True,22.0,False,0,19
FD004,RandomForest,151,True,32.0,False,0,221
FD004,RandomForest,152,True,31.0,False,0,132
FD004,RandomForest,153,True,20.0,False,0,38
FD004,RandomForest,154,True,24.0,False,0,73
FD004,RandomForest,155,True,22.0,False,0,165
FD004,RandomForest,156,True,18.0,False,0,9
FD004,RandomForest,157,True,26.0,False,0,168
FD004,RandomForest,158,True,41.0,False,0,269
FD004,RandomForest,159,True,29.0,False,0,158
FD004,RandomForest,160,True,22.0,False,0,57
FD004,RandomForest,161,True,31.0,False,0,173
FD004,RandomForest,162,True,35.0,False,0,183
FD004,RandomForest,163,True,35.0,False,0,155
FD004,RandomForest,164,True,33.0,False,0,250
FD004,RandomForest,165,True,33.0,False,0,125
FD004,RandomForest,166,True,44.0,False,0,139
FD004,RandomForest,167,True,35.0,False,0,133
FD004,RandomForest,168,True,22.0,False,0,66
FD004,RandomForest,169,True,27.0,False,0,97
FD004,RandomForest,170,True,25.0,False,0,31
FD004,RandomForest,171,True,39.0,False,0,269
FD004,RandomForest,172,True,48.0,False,0,143
FD004,RandomForest,173,True,35.0,False,0,327
FD004,RandomForest,174,True,36.0,False,0,240
FD004,RandomForest,175,True,22.0,False,0,26
FD004,RandomForest,176,True,19.0,False,0,50
FD004,RandomForest,177,True,39.0,False,0,112
FD004,RandomForest,178,True,27.0,False,0,40
FD004,RandomForest,179,False,0.0,True,118,305
FD004,RandomForest,180,True,28.0,False,0,214
FD004,RandomForest,181,True,20.0,False,0,4
FD004,RandomForest,182,True,18.0,False,0,75
FD004,RandomForest,183,True,24.0,False,0,60
FD004,RandomForest,184,True,92.0,False,0,249
FD004,RandomForest,185,True,89.0,False,0,129
FD004,RandomForest,186,True,16.0,False,0,33
FD004,RandomForest,187,True,32.0,False,0,143
FD004,RandomForest,188,True,31.0,False,0,124
FD004,RandomForest,189,True,46.0,False,0,109
FD004,RandomForest,190,True,27.0,False,0,251
FD004,RandomForest,191,True,32.0,False,0,167
FD004,RandomForest,192,True,31.0,False,0,60
FD004,RandomForest,193,True,31.0,False,0,67
FD004,RandomForest,194,True,18.0,False,0,15
FD004,RandomForest,195,True,24.0,False,0,29
FD004,RandomForest,196,True,23.0,False,0,44
FD004,RandomForest,197,True,32.0,False,0,40
FD004,RandomForest,198,True,25.0,False,0,34
FD004,RandomForest,199,True,27.0,False,0,46
FD004,RandomForest,200,True,26.0,False,0,95
FD004,RandomForest,201,True,45.0,False,0,248
FD004,RandomForest,202,True,27.0,False,0,111
FD004,RandomForest,203,True,39.0,False,0,194
FD004,RandomForest,204,True,24.0,False,0,81
FD004,RandomForest,205,True,50.0,False,0,112
FD004,RandomForest,206,True,23.0,False,0,133
FD004,RandomForest,207,True,31.0,False,0,249
FD004,RandomForest,208,True,34.0,False,0,160
FD004,RandomForest,209,True,22.0,False,0,31
FD004,RandomForest,210,True,28.0,False,0,37
FD004,RandomForest,211,True,23.0,False,0,16
FD004,RandomForest,212,True,31.0,False,0,99
FD004,RandomForest,213,True,38.0,False,0,67
FD004,RandomForest,214,True,14.0,False,0,0
FD004,RandomForest,215,True,43.0,False,0,231
FD004,RandomForest,216,True,31.0,False,0,114
FD004,RandomForest,217,True,25.0,False,0,70
FD004,RandomForest,218,True,38.0,False,0,106
FD004,RandomForest,219,True,21.0,False,0,60
FD004,RandomForest,220,True,24.0,False,0,72
FD004,RandomForest,221,True,35.0,False,0,144
FD004,RandomForest,222,True,29.0,False,0,72
FD004,RandomForest,223,True,22.0,False,0,117
FD004,RandomForest,224,True,29.0,False,0,138
FD004,RandomForest,225,True,31.0,False,0,288
FD004,RandomForest,226,True,19.0,False,0,64
FD004,RandomForest,227,True,21.0,False,0,157
FD004,RandomForest,228,True,25.0,False,0,149
FD004,RandomForest,229,True,28.0,False,0,150
FD004,RandomForest,230,True,28.0,False,0,120
FD004,RandomForest,231,True,21.0,False,0,64
FD004,RandomForest,232,True,23.0,False,0,143
FD004,RandomForest,233,True,42.0,False,0,159
FD004,RandomForest,234,True,33.0,False,0,77
FD004,RandomForest,235,True,16.0,False,0,69
FD004,RandomForest,236,True,20.0,False,0,95
FD004,RandomForest,237,True,29.0,False,0,82
FD004,RandomForest,238,True,23.0,False,0,57
FD004,RandomForest,239,True,39.0,False,0,235
FD004,RandomForest,240,True,14.0,False,0,19
FD004,RandomForest,241,True,33.0,False,0,202
FD004,RandomForest,242,True,29.0,False,0,92
FD004,RandomForest,243,True,23.0,False,0,197
FD004,RandomForest,244,True,38.0,False,0,137
FD004,RandomForest,245,True,19.0,False,0,75
FD004,RandomForest,246,True,39.0,False,0,31
FD004,RandomForest,247,True,24.0,False,0,81
FD004,RandomForest,248,True,32.0,False,0,54
FD004,RandomForest,249,True,27.0,False,0,125
FD004,XGBoost,1,True,24.0,False,0,191
FD004,XGBoost,2,True,19.0,False,0,169
FD004,XGBoost,3,True,37.0,False,0,177
FD004,XGBoost,4,True,44.0,False,0,144
FD004,XGBoost,5,True,29.0,False,0,63
FD004,XGBoost,6,True,26.0,False,0,201
FD004,XGBoost,7,True,41.0,False,0,91
FD004,XGBoost,8,True,22.0,False,0,100
FD004,XGBoost,9,True,23.0,False,0,204
FD004,XGBoost,10,True,25.0,False,0,224
FD004,XGBoost,11,True,48.0,False,0,171
FD004,XGBoost,12,True,29.0,False,0,142
FD004,XGBoost,13,True,36.0,False,0,126
FD004,XGBoost,14,True,27.0,False,0,123
FD004,XGBoost,15,True,27.0,False,0,94
FD004,XGBoost,16,True,24.0,False,0,54
FD004,XGBoost,17,True,18.0,False,0,21
FD004,XGBoost,18,True,27.0,False,0,213
FD004,XGBoost,19,True,39.0,False,0,80
FD004,XGBoost,20,True,41.0,False,0,115
FD004,XGBoost,21,True,26.0,False,0,97
FD004,XGBoost,22,True,22.0,False,0,81
FD004,XGBoost,23,True,25.0,False,0,150
FD004,XGBoost,24,True,24.0,False,0,56
FD004,XGBoost,25,True,24.0,False,0,20
FD004,XGBoost,26,True,45.0,False,0,167
FD004,XGBoost,27,True,27.0,False,0,33
FD004,XGBoost,28,True,28.0,False,0,72
FD004,XGBoost,29,True,49.0,False,0,117
FD004,XGBoost,30,True,41.0,False,0,167
FD004,XGBoost,31,True,35.0,False,0,133
FD004,XGBoost,32,True,35.0,False,0,89
FD004,XGBoost,33,True,20.0,False,0,71
FD004,XGBoost,34,True,34.0,False,0,146
FD004,XGBoost,35,True,21.0,False,0,91
FD004,XGBoost,36,True,28.0,False,0,13
FD004,XGBoost,37,True,29.0,False,0,258
FD004,XGBoost,38,True,27.0,False,0,47
FD004,XGBoost,39,True,25.0,False,0,72
FD004,XGBoost,40,True,26.0,False,0,76
FD004,XGBoost,41,True,48.0,False,0,149
FD004,XGBoost,42,True,31.0,False,0,150
FD004,XGBoost,43,True,24.0,False,0,93
FD004,XGBoost,44,True,21.0,False,0,73
FD004,XGBoost,45,True,19.0,False,0,47
FD004,XGBoost,46,True,17.0,False,0,191
FD004,XGBoost,47,True,34.0,False,0,245
FD004,XGBoost,48,True,28.0,False,0,192
FD004,XGBoost,49,True,30.0,False,0,316
FD004,XGBoost,50,True,27.0,False,0,42
FD004,XGBoost,51,True,22.0,False,0,155
FD004,XGBoost,52,True,30.0,False,0,227
FD004,XGBoost,53,True,33.0,False,0,174
FD004,XGBoost,54,True,28.0,False,0,67
FD004,XGBoost,55,True,29.0,False,0,214
FD004,XGBoost,56,True,60.0,False,0,217
FD004,XGBoost,57,True,42.0,False,0,63
FD004,XGBoost,58,True,22.0,False,0,151
FD004,XGBoost,59,True,23.0,False,0,47
FD004,XGBoost,60,True,29.0,False,0,88
FD004,XGBoost,61,True,26.0,False,0,114
FD004,XGBoost,62,True,89.0,False,0,167
FD004,XGBoost,63,True,26.0,False,0,40
FD004,XGBoost,64,True,27.0,False,0,54
FD004,XGBoost,65,True,68.0,False,0,221
FD004,XGBoost,66,True,20.0,False,0,45
FD004,XGBoost,67,True,23.0,False,0,37
FD004,XGBoost,68,True,30.0,False,0,33
FD004,XGBoost,69,True,27.0,False,0,96
FD004,XGBoost,70,True,23.0,False,0,55
FD004,XGBoost,71,False,0.0,True,74,182
FD004,XGBoost,72,True,34.0,False,0,178
FD004,XGBoost,73,True,40.0,False,0,51
FD004,XGBoost,74,True,29.0,False,0,114
FD004,XGBoost,75,True,55.0,False,0,100
FD004,XGBoost,76,True,21.0,False,0,22
FD004,XGBoost,77,True,20.0,False,0,18
FD004,XGBoost,78,True,18.0,False,0,120
FD004,XGBoost,79,True,22.0,False,0,88
FD004,XGBoost,80,True,26.0,False,0,175
FD004,XGBoost,81,True,29.0,False,0,57
FD004,XGBoost,82,True,35.0,False,0,67
FD004,XGBoost,83,True,19.0,False,0,54
FD004,XGBoost,84,True,22.0,False,0,29
FD004,XGBoost,85,True,38.0,False,0,147
FD004,XGBoost,86,True,31.0,False,0,102
FD004,XGBoost,87,True,19.0,False,0,129
FD004,XGBoost,88,True,27.0,False,0,258
FD004,XGBoost,89,True,26.0,False,0,38
FD004,XGBoost,90,True,27.0,False,0,82
FD004,XGBoost,91,True,26.0,False,0,224
FD004,XGBoost,92,True,21.0,False,0,61
FD004,XGBoost,93,True,24.0,False,0,66
FD004,XGBoost,94,True,25.0,False,0,119
FD004,XGBoost,95,True,20.0,False,0,109
FD004,XGBoost,96,True,31.0,False,0,140
FD004,XGBoost,97,True,32.0,False,0,132
FD004,XGBoost,98,True,33.0,False,0,115
FD004,XGBoost,99,True,24.0,False,0,37
FD004,XGBoost,100,True,28.0,False,0,131
FD004,XGBoost,101,True,31.0,False,0,130
FD004,XGBoost,102,True,28.0,False,0,64
FD004,XGBoost,103,True,33.0,False,0,94
FD004,XGBoost,104,True,23.0,False,0,73
FD004,XGBoost,105,True,18.0,False,0,40
FD004,XGBoost,106,True,38.0,False,0,136
FD004,XGBoost,107,True,25.0,False,0,53
FD004,XGBoost,108,True,27.0,False,0,174
FD004,XGBoost,109,True,28.0,False,0,195
FD004,XGBoost,110,True,24.0,False,0,56
FD004,XGBoost,111,True,32.0,False,0,167
FD004,XGBoost,112,True,25.0,False,0,210
FD004,XGBoost,113,True,26.0,False,0,54
FD004,XGBoost,114,True,14.0,False,0,31
FD004,XGBoost,115,True,24.0,False,0,1
FD004,XGBoost,116,True,26.0,False,0,214
FD004,XGBoost,117,True,33.0,False,0,212
FD004,XGBoost,118,True,40.0,False,0,413
FD004,XGBoost,119,True,31.0,False,0,57
FD004,XGBoost,120,True,26.0,False,0,47
FD004,XGBoost,121,True,20.0,False,0,64
FD004,XGBoost,122,True,24.0,False,0,44
FD004,XGBoost,123,True,37.0,False,0,96
FD004,XGBoost,124,True,20.0,False,0,40
FD004,XGBoost,125,True,24.0,False,0,109
FD004,XGBoost,126,True,31.0,False,0,172
FD004,XGBoost,127,True,26.0,False,0,105
FD004,XGBoost,128,True,10.0,False,0,118
FD004,XGBoost,129,True,27.0,False,0,60
FD004,XGBoost,130,True,17.0,False,0,36
FD004,XGBoost,131,True,28.0,False,0,240
FD004,XGBoost,132,True,31.0,False,0,124
FD004,XGBoost,133,True,40.0,False,0,359
FD004,XGBoost,134,True,33.0,False,0,117
FD004,XGBoost,135,True,20.0,False,0,19
FD004,XGBoost,136,True,22.0,False,0,75
FD004,XGBoost,137,True,27.0,False,0,95
FD004,XGBoost,138,True,26.0,False,0,48
FD004,XGBoost,139,True,33.0,False,0,121
FD004,XGBoost,140,True,50.0,False,0,168
FD004,XGBoost,141,True,42.0,False,0,69
FD004,XGBoost,142,True,24.0,False,0,79
FD004,XGBoost,143,True,28.0,False,0,54
FD004,XGBoost,144,True,29.0,False,0,167
FD004,XGBoost,145,True,27.0,False,0,98
FD004,XGBoost,146,True,37.0,False,0,173
FD004,XGBoost,147,True,31.0,False,0,104
FD004,XGBoost,148,True,22.0,False,0,63
FD004,XGBoost,149,True,16.0,False,0,131
FD004,XGBoost,150,True,22.0,False,0,19
FD004,XGBoost,151,True,32.0,False,0,221
FD004,XGBoost,152,True,27.0,False,0,132
FD004,XGBoost,153,True,26.0,False,0,38
FD004,XGBoost,154,True,25.0,False,0,73
FD004,XGBoost,155,True,22.0,False,0,165
FD004,XGBoost,156,True,22.0,False,0,9
FD004,XGBoost,157,True,26.0,False,0,168
FD004,XGBoost,158,True,39.0,False,0,269
FD004,XGBoost,159,True,25.0,False,0,158
FD004,XGBoost,160,True,22.0,False,0,57
FD004,XGBoost,161,True,32.0,False,0,173
FD004,XGBoost,162,True,36.0,False,0,183
FD004,XGBoost,163,True,46.0,False,0,155
FD004,XGBoost,164,True,31.0,False,0,250
FD004,XGBoost,165,True,40.0,False,0,125
FD004,XGBoost,166,True,44.0,False,0,139
FD004,XGBoost,167,True,35.0,False,0,133
FD004,XGBoost,168,True,20.0,False,0,66
FD004,XGBoost,169,True,25.0,False,0,97
FD004,XGBoost,170,True,28.0,False,0,31
FD004,XGBoost,171,True,32.0,False,0,269
FD004,XGBoost,172,True,48.0,False,0,143
FD004,XGBoost,173,True,35.0,False,0,327
FD004,XGBoost,174,True,28.0,False,0,240
FD004,XGBoost,175,True,19.0,False,0,26
FD004,XGBoost,176,True,28.0,False,0,50
FD004,XGBoost,177,True,38.0,False,0,112
FD004,XGBoost,178,True,24.0,False,0,40
FD004,XGBoost,179,False,0.0,True,118,305
FD004,XGBoost,180,True,22.0,False,0,214
FD004,XGBoost,181,True,20.0,False,0,4
FD004,XGBoost,182,True,20.0,False,0,75
FD004,XGBoost,183,True,24.0,False,0,60
FD004,XGBoost,184,True,91.0,False,0,249
FD004,XGBoost,185,True,89.0,False,0,129
FD004,XGBoost,186,True,16.0,False,0,33
FD004,XGBoost,187,True,23.0,False,0,143
FD004,XGBoost,188,True,27.0,False,0,124
FD004,XGBoost,189,True,42.0,False,0,109
FD004,XGBoost,190,True,27.0,False,0,251
FD004,XGBoost,191,True,32.0,False,0,167
FD004,XGBoost,192,True,31.0,False,0,60
FD004,XGBoost,193,True,31.0,False,0,67
FD004,XGBoost,194,True,16.0,False,0,15
FD004,XGBoost,195,True,25.0,False,0,29
FD004,XGBoost,196,True,24.0,False,0,44
FD004,XGBoost,197,True,31.0,False,0,40
FD004,XGBoost,198,True,26.0,False,0,34
FD004,XGBoost,199,True,30.0,False,0,46
FD004,XGBoost,200,True,23.0,False,0,95
FD004,XGBoost,201,True,44.0,False,0,248
FD004,XGBoost,202,True,27.0,False,0,111
FD004,XGBoost,203,True,35.0,False,0,194
FD004,XGBoost,204,True,26.0,False,0,81
FD004,XGBoost,205,True,35.0,False,0,112
FD004,XGBoost,206,True,23.0,False,0,133
FD004,XGBoost,207,True,20.0,False,0,249
FD004,XGBoost,208,True,32.0,False,0,160
FD004,XGBoost,209,True,22.0,False,0,31
FD004,XGBoost,210,True,24.0,False,0,37
FD004,XGBoost,211,True,23.0,False,0,16
FD004,XGBoost,212,True,31.0,False,0,99
FD004,XGBoost,213,True,24.0,False,0,67
FD004,XGBoost,214,True,14.0,False,0,0
FD004,XGBoost,215,True,44.0,False,0,231
FD004,XGBoost,216,True,31.0,False,0,114
FD004,XGBoost,217,True,25.0,False,0,70
FD004,XGBoost,218,True,41.0,False,0,106
FD004,XGBoost,219,True,20.0,False,0,60
FD004,XGBoost,220,True,24.0,False,0,72
FD004,XGBoost,221,True,36.0,False,0,144
FD004,XGBoost,222,True,30.0,False,0,72
FD004,XGBoost,223,True,37.0,False,0,117
FD004,XGBoost,224,True,24.0,False,0,138
FD004,XGBoost,225,True,32.0,False,0,288
FD004,XGBoost,226,True,24.0,False,0,64
FD004,XGBoost,227,True,25.0,False,0,157
FD004,XGBoost,228,True,25.0,False,0,149
FD004,XGBoost,229,True,30.0,False,0,150
FD004,XGBoost,230,True,28.0,False,0,120
FD004,XGBoost,231,True,27.0,False,0,64
FD004,XGBoost,232,True,20.0,False,0,143
FD004,XGBoost,233,True,40.0,False,0,159
FD004,XGBoost,234,True,25.0,False,0,77
FD004,XGBoost,235,True,16.0,False,0,69
FD004,XGBoost,236,True,19.0,False,0,95
FD004,XGBoost,237,True,30.0,False,0,82
FD004,XGBoost,238,True,28.0,False,0,57
FD004,XGBoost,239,True,29.0,False,0,235
FD004,XGBoost,240,True,21.0,False,0,19
FD004,XGBoost,241,True,35.0,False,0,202
FD004,XGBoost,242,True,32.0,False,0,92
FD004,XGBoost,243,True,26.0,False,0,197
FD004,XGBoost,244,True,38.0,False,0,137
FD004,XGBoost,245,True,20.0,False,0,75
FD004,XGBoost,246,True,44.0,False,0,31
FD004,XGBoost,247,True,24.0,False,0,81
FD004,XGBoost,248,True,21.0,False,0,54
FD004,XGBoost,249,True,27.0,False,0,125
FD004,LSTM,1,True,32.0,False,0,191
FD004,LSTM,2,True,20.0,False,0,169
FD004,LSTM,3,True,35.0,False,0,177
FD004,LSTM,4,True,49.0,False,0,144
FD004,LSTM,5,True,26.0,False,0,63
FD004,LSTM,6,True,25.0,False,0,201
FD004,LSTM,7,True,74.0,False,0,91
FD004,LSTM,8,True,27.0,False,0,100
FD004,LSTM,9,True,30.0,False,0,204
FD004,LSTM,10,True,61.0,False,0,224
FD004,LSTM,11,True,54.0,False,0,171
FD004,LSTM,12,True,22.0,False,0,142
FD004,LSTM,13,True,33.0,False,0,126
FD004,LSTM,14,True,31.0,False,0,123
FD004,LSTM,15,True,28.0,False,0,94
FD004,LSTM,16,True,23.0,False,0,54
FD004,LSTM,17,True,23.0,False,0,21
FD004,LSTM,18,True,28.0,False,0,213
FD004,LSTM,19,True,45.0,False,0,80
FD004,LSTM,20,True,44.0,False,0,115
FD004,LSTM,21,True,23.0,False,0,97
FD004,LSTM,22,True,34.0,False,0,81
FD004,LSTM,23,True,31.0,False,0,150
FD004,LSTM,24,True,27.0,False,0,56
FD004,LSTM,25,True,23.0,False,0,20
FD004,LSTM,26,True,34.0,False,0,167
FD004,LSTM,27,True,29.0,False,0,33
FD004,LSTM,28,True,31.0,False,0,72
FD004,LSTM,29,True,48.0,False,0,117
FD004,LSTM,30,True,37.0,False,0,167
FD004,LSTM,31,True,33.0,False,0,133
FD004,LSTM,32,True,23.0,False,0,89
FD004,LSTM,33,True,17.0,False,0,71
FD004,LSTM,34,True,33.0,False,0,146
FD004,LSTM,35,True,21.0,False,0,91
FD004,LSTM,36,True,28.0,False,0,13
FD004,LSTM,37,True,41.0,False,0,258
FD004,LSTM,38,True,31.0,False,0,47
FD004,LSTM,39,True,29.0,False,0,72
FD004,LSTM,40,True,25.0,False,0,76
FD004,LSTM,41,True,49.0,False,0,149
FD004,LSTM,42,True,31.0,False,0,150
FD004,LSTM,43,True,27.0,False,0,93
FD004,LSTM,44,True,23.0,False,0,73
FD004,LSTM,45,True,19.0,False,0,47
FD004,LSTM,46,True,29.0,False,0,191
FD004,LSTM,47,True,33.0,False,0,245
FD004,LSTM,48,True,29.0,False,0,192
FD004,LSTM,49,True,38.0,False,0,316
FD004,LSTM,50,True,29.0,False,0,42
FD004,LSTM,51,True,29.0,False,0,155
FD004,LSTM,52,True,35.0,False,0,227
FD004,LSTM,53,True,26.0,False,0,174
FD004,LSTM,54,True,30.0,False,0,67
FD004,LSTM,55,True,39.0,False,0,214
FD004,LSTM,56,True,31.0,False,0,217
FD004,LSTM,57,True,30.0,False,0,63
FD004,LSTM,58,True,20.0,False,0,151
FD004,LSTM,59,True,24.0,False,0,47
FD004,LSTM,60,True,26.0,False,0,88
FD004,LSTM,61,True,26.0,False,0,114
FD004,LSTM,62,True,85.0,False,0,167
FD004,LSTM,63,True,14.0,False,0,40
FD004,LSTM,64,True,32.0,False,0,54
FD004,LSTM,65,True,67.0,False,0,221
FD004,LSTM,66,True,27.0,False,0,45
FD004,LSTM,67,True,18.0,False,0,37
FD004,LSTM,68,True,36.0,False,0,33
FD004,LSTM,69,True,34.0,False,0,96
FD004,LSTM,70,True,22.0,False,0,55
FD004,LSTM,71,False,0.0,True,77,182
FD004,LSTM,72,True,35.0,False,0,178
FD004,LSTM,73,True,14.0,False,0,51
FD004,LSTM,74,True,34.0,False,0,114
FD004,LSTM,75,True,55.0,False,0,100
FD004,LSTM,76,True,28.0,False,0,22
FD004,LSTM,77,True,23.0,False,0,18
FD004,LSTM,78,True,29.0,False,0,120
FD004,LSTM,79,True,23.0,False,0,88
FD004,LSTM,80,True,32.0,False,0,175
FD004,LSTM,81,True,24.0,False,0,57
FD004,LSTM,82,True,34.0,False,0,67
FD004,LSTM,83,True,23.0,False,0,54
FD004,LSTM,84,True,22.0,False,0,29
FD004,LSTM,85,True,40.0,False,0,147
FD004,LSTM,86,True,32.0,False,0,102
FD004,LSTM,87,True,24.0,False,0,129
FD004,LSTM,88,True,32.0,False,0,258
FD004,LSTM,89,True,24.0,False,0,38
FD004,LSTM,90,True,24.0,False,0,82
FD004,LSTM,91,True,26.0,False,0,224
FD004,LSTM,92,True,21.0,False,0,61
FD004,LSTM,93,True,35.0,False,0,66
FD004,LSTM,94,True,27.0,False,0,119
FD004,LSTM,95,True,20.0,False,0,109
FD004,LSTM,96,True,34.0,False,0,140
FD004,LSTM,97,True,34.0,False,0,132
FD004,LSTM,98,True,38.0,False,0,115
FD004,LSTM,99,True,29.0,False,0,37
FD004,LSTM,100,True,27.0,False,0,131
FD004,LSTM,101,True,38.0,False,0,130
FD004,LSTM,102,True,29.0,False,0,64
FD004,LSTM,103,True,34.0,False,0,94
FD004,LSTM,104,True,25.0,False,0,73
FD004,LSTM,105,True,13.0,False,0,40
FD004,LSTM,106,True,31.0,False,0,136
FD004,LSTM,107,True,25.0,False,0,53
FD004,LSTM,108,True,38.0,False,0,174
FD004,LSTM,109,True,29.0,False,0,195
FD004,LSTM,110,True,19.0,False,0,56
FD004,LSTM,111,True,31.0,False,0,167
FD004,LSTM,112,True,27.0,False,0,210
FD004,LSTM,113,True,25.0,False,0,54
FD004,LSTM,114,True,20.0,False,0,31
FD004,LSTM,115,True,30.0,False,0,1
FD004,LSTM,116,True,27.0,False,0,214
FD004,LSTM,117,True,34.0,False,0,212
FD004,LSTM,118,True,42.0,False,0,413
FD004,LSTM,119,True,33.0,False,0,57
FD004,LSTM,120,True,33.0,False,0,47
FD004,LSTM,121,True,33.0,False,0,64
FD004,LSTM,122,True,35.0,False,0,44
FD004,LSTM,123,True,27.0,False,0,96
FD004,LSTM,124,True,21.0,False,0,40
FD004,LSTM,125,True,24.0,False,0,109
FD004,LSTM,126,True,25.0,False,0,172
FD004,LSTM,127,True,31.0,False,0,105
FD004,LSTM,128,True,31.0,False,0,118
FD004,LSTM,129,True,29.0,False,0,60
FD004,LSTM,130,True,17.0,False,0,36
FD004,LSTM,131,True,36.0,False,0,240
FD004,LSTM,132,True,20.0,False,0,124
FD004,LSTM,133,True,40.0,False,0,359
FD004,LSTM,134,True,28.0,False,0,117
FD004,LSTM,135,True,24.0,False,0,19
FD004,LSTM,136,True,23.0,False,0,75
FD004,LSTM,137,True,26.0,False,0,95
FD004,LSTM,138,True,23.0,False,0,48
FD004,LSTM,139,True,31.0,False,0,121
FD004,LSTM,140,True,51.0,False,0,168
FD004,LSTM,141,True,41.0,False,0,69
FD004,LSTM,142,True,25.0,False,0,79
FD004,LSTM,143,True,28.0,False,0,54
FD004,LSTM,144,True,36.0,False,0,167
FD004,LSTM,145,True,27.0,False,0,98
FD004,LSTM,146,True,50.0,False,0,173
FD004,LSTM,147,True,29.0,False,0,104
FD004,LSTM,148,True,25.0,False,0,63
FD004,LSTM,149,True,26.0,False,0,131
FD004,LSTM,150,True,24.0,False,0,19
FD004,LSTM,151,True,31.0,False,0,221
FD004,LSTM,152,True,26.0,False,0,132
FD004,LSTM,153,True,27.0,False,0,38
FD004,LSTM,154,True,24.0,False,0,73
FD004,LSTM,155,True,24.0,False,0,165
FD004,LSTM,156,True,29.0,False,0,9
FD004,LSTM,157,True,21.0,False,0,168
FD004,LSTM,158,True,39.0,False,0,269
FD004,LSTM,159,True,35.0,False,0,158
FD004,LSTM,160,True,39.0,False,0,57
FD004,LSTM,161,True,33.0,False,0,173
FD004,LSTM,162,True,34.0,False,0,183
FD004,LSTM,163,True,32.0,False,0,155
FD004,LSTM,164,True,31.0,False,0,250
FD004,LSTM,165,True,45.0,False,0,125
FD004,LSTM,166,True,41.0,False,0,139
FD004,LSTM,167,True,40.0,False,0,133
FD004,LSTM,168,True,29.0,False,0,66
FD004,LSTM,169,True,28.0,False,0,97
FD004,LSTM,170,True,34.0,False,0,31
FD004,LSTM,171,True,46.0,False,0,269
FD004,LSTM,172,True,33.0,False,0,143
FD004,LSTM,173,True,38.0,False,0,327
FD004,LSTM,174,True,36.0,False,0,240
FD004,LSTM,175,True,10.0,False,0,26
FD004,LSTM,176,True,22.0,False,0,50
FD004,LSTM,177,True,37.0,False,0,112
FD004,LSTM,178,True,25.0,False,0,40
FD004,LSTM,179,False,0.0,True,117,305
FD004,LSTM,180,True,28.0,False,0,214
FD004,LSTM,181,True,18.0,False,0,4
FD004,LSTM,182,True,19.0,False,0,75
FD004,LSTM,183,True,22.0,False,0,60
FD004,LSTM,184,True,91.0,False,0,249
FD004,LSTM,185,True,96.0,False,0,129
FD004,LSTM,186,True,18.0,False,0,33
FD004,LSTM,187,True,32.0,False,0,143
FD004,LSTM,188,True,30.0,False,0,124
FD004,LSTM,189,True,41.0,False,0,109
FD004,LSTM,190,True,29.0,False,0,251
FD004,LSTM,191,True,32.0,False,0,167
FD004,LSTM,192,True,30.0,False,0,60
FD004,LSTM,193,True,30.0,False,0,67
FD004,LSTM,194,True,24.0,False,0,15
FD004,LSTM,195,True,25.0,False,0,29
FD004,LSTM,196,True,22.0,False,0,44
FD004,LSTM,197,True,31.0,False,0,40
FD004,LSTM,198,True,29.0,False,0,34
FD004,LSTM,199,True,33.0,False,0,46
FD004,LSTM,200,True,32.0,False,0,95
FD004,LSTM,201,True,44.0,False,0,248
FD004,LSTM,202,True,31.0,False,0,111
FD004,LSTM,203,True,40.0,False,0,194
FD004,LSTM,204,True,24.0,False,0,81
FD004,LSTM,205,True,29.0,False,0,112
FD004,LSTM,206,True,24.0,False,0,133
FD004,LSTM,207,True,41.0,False,0,249
FD004,LSTM,208,True,34.0,False,0,160
FD004,LSTM,209,True,20.0,False,0,31
FD004,LSTM,210,True,26.0,False,0,37
FD004,LSTM,211,True,25.0,False,0,16
FD004,LSTM,212,True,21.0,False,0,99
FD004,LSTM,213,True,32.0,False,0,67
FD004,LSTM,214,True,16.0,False,0,0
FD004,LSTM,215,True,43.0,False,0,231
FD004,LSTM,216,True,33.0,False,0,114
FD004,LSTM,217,True,28.0,False,0,70
FD004,LSTM,218,True,40.0,False,0,106
FD004,LSTM,219,True,22.0,False,0,60
FD004,LSTM,220,True,31.0,False,0,72
FD004,LSTM,221,True,29.0,False,0,144
FD004,LSTM,222,True,23.0,False,0,72
FD004,LSTM,223,True,22.0,False,0,117
FD004,LSTM,224,True,25.0,False,0,138
FD004,LSTM,225,True,43.0,False,0,288
FD004,LSTM,226,True,17.0,False,0,64
FD004,LSTM,227,True,24.0,False,0,157
FD004,LSTM,228,True,25.0,False,0,149
FD004,LSTM,229,True,27.0,False,0,150
FD004,LSTM,230,True,27.0,False,0,120
FD004,LSTM,231,True,31.0,False,0,64
FD004,LSTM,232,True,22.0,False,0,143
FD004,LSTM,233,True,47.0,False,0,159
FD004,LSTM,234,True,30.0,False,0,77
FD004,LSTM,235,True,18.0,False,0,69
FD004,LSTM,236,True,19.0,False,0,95
FD004,LSTM,237,True,27.0,False,0,82
FD004,LSTM,238,True,19.0,False,0,57
FD004,LSTM,239,True,25.0,False,0,235
FD004,LSTM,240,True,24.0,False,0,19
FD004,LSTM,241,True,34.0,False,0,202
FD004,LSTM,242,True,32.0,False,0,92
FD004,LSTM,243,True,23.0,False,0,197
FD004,LSTM,244,True,39.0,False,0,137
FD004,LSTM,245,True,24.0,False,0,75
FD004,LSTM,246,True,44.0,False,0,31
FD004,LSTM,247,True,26.0,False,0,81
FD004,LSTM,248,True,45.0,False,0,54
FD004,LSTM,249,True,27.0,False,0,125
FD004,Static_Threshold,3,True,78.0,False,0,206
FD004,Static_Threshold,5,True,31.0,False,0,92
FD004,Static_Threshold,6,True,52.0,False,0,230
FD004,Static_Threshold,16,True,21.0,False,0,83
FD004,Static_Threshold,17,True,5.0,False,0,50
FD004,Static_Threshold,18,True,48.0,False,0,242
FD004,Static_Threshold,24,True,4.0,False,0,85
FD004,Static_Threshold,30,True,37.0,False,0,196
FD004,Static_Threshold,31,True,10.0,False,0,162
FD004,Static_Threshold,36,True,15.0,False,0,42
FD004,Static_Threshold,37,True,49.0,False,0,287
FD004,Static_Threshold,39,True,20.0,False,0,101
FD004,Static_Threshold,43,True,37.0,False,0,122
FD004,Static_Threshold,46,True,46.0,False,0,220
FD004,Static_Threshold,54,True,29.0,False,0,96
FD004,Static_Threshold,59,True,8.0,False,0,76
FD004,Static_Threshold,63,True,19.0,False,0,69
FD004,Static_Threshold,65,True,87.0,False,0,250
FD004,Static_Threshold,74,True,17.0,False,0,143
FD004,Static_Threshold,85,True,23.0,False,0,176
FD004,Static_Threshold,101,True,15.0,False,0,159
FD004,Static_Threshold,118,False,0.0,True,3,442
FD004,Static_Threshold,119,True,18.0,False,0,86
FD004,Static_Threshold,120,True,5.0,False,0,76
FD004,Static_Threshold,134,True,11.0,False,0,146
FD004,Static_Threshold,140,True,80.0,False,0,197
FD004,Static_Threshold,141,True,18.0,False,0,98
FD004,Static_Threshold,142,True,21.0,False,0,108
FD004,Static_Threshold,145,True,22.0,False,0,127
FD004,Static_Threshold,146,True,38.0,False,0,202
FD004,Static_Threshold,147,True,22.0,False,0,133
FD004,Static_Threshold,148,True,17.0,False,0,92
FD004,Static_Threshold,156,True,15.0,False,0,38
FD004,Static_Threshold,159,True,29.0,False,0,187
FD004,Static_Threshold,165,True,12.0,False,0,154
FD004,Static_Threshold,182,True,7.0,False,0,104
FD004,Static_Threshold,186,True,6.0,False,0,62
FD004,Static_Threshold,187,True,44.0,False,0,172
FD004,Static_Threshold,189,True,16.0,False,0,138
FD004,Static_Threshold,195,True,3.0,False,0,58
FD004,Static_Threshold,196,True,13.0,False,0,73
FD004,Static_Threshold,198,True,53.0,False,0,63
FD004,Static_Threshold,201,True,48.0,False,0,277
FD004,Static_Threshold,204,True,22.0,False,0,110
FD004,Static_Threshold,215,True,46.0,False,0,260
FD004,Static_Threshold,224,True,43.0,False,0,167
FD004,Static_Threshold,229,True,36.0,False,0,179
FD004,Static_Threshold,230,True,46.0,False,0,149
FD004,Static_Threshold,236,True,29.0,False,0,124
FD004,Static_Threshold,242,True,15.0,False,0,121
FD004,Static_Threshold,13,True,18.0,False,0,155
FD004,Static_Threshold,27,True,24.0,False,0,62
FD004,Static_Threshold,29,True,24.0,False,0,146
FD004,Static_Threshold,40,True,15.0,False,0,105
FD004,Static_Threshold,41,True,37.0,False,0,178
FD004,Static_Threshold,48,True,37.0,False,0,221
FD004,Static_Threshold,50,True,32.0,False,0,71
FD004,Static_Threshold,51,True,50.0,False,0,184
FD004,Static_Threshold,55,True,41.0,False,0,243
FD004,Static_Threshold,60,True,36.0,False,0,117
FD004,Static_Threshold,72,True,12.0,False,0,207
FD004,Static_Threshold,73,True,10.0,False,0,80
FD004,Static_Threshold,76,True,8.0,False,0,51
FD004,Static_Threshold,79,True,28.0,False,0,117
FD004,Static_Threshold,80,True,49.0,False,0,204
FD004,Static_Threshold,81,True,20.0,False,0,86
FD004,Static_Threshold,86,True,38.0,False,0,131
FD004,Static_Threshold,88,True,50.0,False,0,287
FD004,Static_Threshold,92,True,19.0,False,0,90
FD004,Static_Threshold,96,True,44.0,False,0,169
FD004,Static_Threshold,104,True,28.0,False,0,102
FD004,Static_Threshold,106,True,31.0,False,0,165
FD004,Static_Threshold,113,True,7.0,False,0,83
FD004,Static_Threshold,123,True,37.0,False,0,125
FD004,Static_Threshold,126,True,49.0,False,0,201
FD004,Static_Threshold,128,True,66.0,False,0,147
FD004,Static_Threshold,132,True,33.0,False,0,153
FD004,Static_Threshold,133,True,64.0,False,0,388
FD004,Static_Threshold,135,True,10.0,False,0,48
FD004,Static_Threshold,137,True,14.0,False,0,124
FD004,Static_Threshold,144,True,59.0,False,0,196
FD004,Static_Threshold,149,True,52.0,False,0,160
FD004,Static_Threshold,151,True,56.0,False,0,250
FD004,Static_Threshold,153,True,4.0,False,0,67
FD004,Static_Threshold,155,True,44.0,False,0,194
FD004,Static_Threshold,168,True,13.0,False,0,95
FD004,Static_Threshold,175,True,9.0,False,0,55
FD004,Static_Threshold,184,False,0.0,True,19,278
FD004,Static_Threshold,199,True,7.0,False,0,75
FD004,Static_Threshold,202,True,39.0,False,0,140
FD004,Static_Threshold,210,True,29.0,False,0,66
FD004,Static_Threshold,217,True,12.0,False,0,99
FD004,Static_Threshold,218,True,9.0,False,0,135
FD004,Static_Threshold,220,True,17.0,False,0,101
FD004,Static_Threshold,226,True,26.0,False,0,93
FD004,Static_Threshold,232,True,20.0,False,0,172
FD004,Static_Threshold,238,True,19.0,False,0,86
FD004,Static_Threshold,239,True,60.0,False,0,264
FD004,Static_Threshold,241,True,18.0,False,0,231
FD004,Static_Threshold,2,True,17.0,False,0,198
FD004,Static_Threshold,4,True,59.0,False,0,173
FD004,Static_Threshold,10,True,50.0,False,0,253
FD004,Static_Threshold,12,True,38.0,False,0,171
FD004,Static_Threshold,14,True,35.0,False,0,152
FD004,Static_Threshold,23,True,9.0,False,0,179
FD004,Static_Threshold,26,True,29.0,False,0,196
FD004,Static_Threshold,35,True,53.0,False,0,120
FD004,Static_Threshold,38,True,12.0,False,0,76
FD004,Static_Threshold,44,True,23.0,False,0,102
FD004,Static_Threshold,53,True,40.0,False,0,203
FD004,Static_Threshold,58,True,39.0,False,0,180
FD004,Static_Threshold,61,True,31.0,False,0,143
FD004,Static_Threshold,70,True,10.0,False,0,84
FD004,Static_Threshold,75,True,61.0,False,0,129
FD004,Static_Threshold,77,True,8.0,False,0,47
FD004,Static_Threshold,82,True,24.0,False,0,96
FD004,Static_Threshold,83,True,7.0,False,0,83
FD004,Static_Threshold,90,True,28.0,False,0,111
FD004,Static_Threshold,98,True,49.0,False,0,144
FD004,Static_Threshold,99,True,11.0,False,0,66
FD004,Static_Threshold,109,True,43.0,False,0,224
FD004,Static_Threshold,112,True,16.0,False,0,239
FD004,Static_Threshold,116,True,52.0,False,0,243
FD004,Static_Threshold,121,True,19.0,False,0,93
FD004,Static_Threshold,124,True,7.0,False,0,69
FD004,Static_Threshold,127,True,33.0,False,0,134
FD004,Static_Threshold,131,True,49.0,False,0,269
FD004,Static_Threshold,152,True,30.0,False,0,161
FD004,Static_Threshold,158,True,94.0,False,0,298
FD004,Static_Threshold,162,True,41.0,False,0,212
FD004,Static_Threshold,169,True,27.0,False,0,126
FD004,Static_Threshold,170,True,8.0,False,0,60
FD004,Static_Threshold,173,True,65.0,False,0,356
FD004,Static_Threshold,176,True,9.0,False,0,79
FD004,Static_Threshold,183,True,18.0,False,0,89
FD004,Static_Threshold,185,True,97.0,False,0,158
FD004,Static_Threshold,191,True,54.0,False,0,196
FD004,Static_Threshold,197,True,9.0,False,0,69
FD004,Static_Threshold,200,True,34.0,False,0,124
FD004,Static_Threshold,206,True,13.0,False,0,162
FD004,Static_Threshold,207,True,80.0,False,0,278
FD004,Static_Threshold,214,True,15.0,False,0,27
FD004,Static_Threshold,219,True,42.0,False,0,89
FD004,Static_Threshold,223,True,16.0,False,0,146
FD004,Static_Threshold,234,True,23.0,False,0,106
FD004,Static_Threshold,235,True,39.0,False,0,98
FD004,Static_Threshold,240,True,7.0,False,0,48
FD004,Static_Threshold,245,True,9.0,False,0,104
FD004,Static_Threshold,246,True,11.0,False,0,60
FD004,Static_Threshold,7,True,18.0,False,0,120
FD004,Static_Threshold,8,True,21.0,False,0,129
FD004,Static_Threshold,11,True,24.0,False,0,200
FD004,Static_Threshold,19,True,32.0,False,0,109
FD004,Static_Threshold,28,True,8.0,False,0,101
FD004,Static_Threshold,34,True,37.0,False,0,175
FD004,Static_Threshold,45,True,26.0,False,0,76
FD004,Static_Threshold,47,True,43.0,False,0,274
FD004,Static_Threshold,49,True,73.0,False,0,345
FD004,Static_Threshold,52,True,54.0,False,0,256
FD004,Static_Threshold,57,True,14.0,False,0,92
FD004,Static_Threshold,64,True,15.0,False,0,83
FD004,Static_Threshold,67,True,7.0,False,0,66
FD004,Static_Threshold,69,True,28.0,False,0,125
FD004,Static_Threshold,71,False,0.0,True,84,211
FD004,Static_Threshold,78,True,41.0,False,0,149
FD004,Static_Threshold,89,True,30.0,False,0,67
FD004,Static_Threshold,100,True,42.0,False,0,160
FD004,Static_Threshold,103,True,24.0,False,0,123
FD004,Static_Threshold,108,True,68.0,False,0,203
FD004,Static_Threshold,110,True,23.0,False,0,85
FD004,Static_Threshold,111,True,47.0,False,0,196
FD004,Static_Threshold,114,True,28.0,False,0,60
FD004,Static_Threshold,115,True,26.0,False,0,30
FD004,Static_Threshold,117,True,60.0,False,0,241
FD004,Static_Threshold,122,True,15.0,False,0,73
FD004,Static_Threshold,125,True,62.0,False,0,138
FD004,Static_Threshold,136,True,21.0,False,0,104
FD004,Static_Threshold,138,True,5.0,False,0,77
FD004,Static_Threshold,150,True,9.0,False,0,48
FD004,Static_Threshold,160,True,11.0,False,0,86
FD004,Static_Threshold,166,True,26.0,False,0,168
FD004,Static_Threshold,171,False,0.0,True,1,298
FD004,Static_Threshold,180,True,64.0,False,0,243
FD004,Static_Threshold,188,True,26.0,False,0,153
FD004,Static_Threshold,190,True,46.0,False,0,280
FD004,Static_Threshold,193,True,28.0,False,0,96
FD004,Static_Threshold,203,True,86.0,False,0,223
FD004,Static_Threshold,205,True,21.0,False,0,141
FD004,Static_Threshold,208,True,34.0,False,0,189
FD004,Static_Threshold,209,True,15.0,False,0,60
FD004,Static_Threshold,211,True,5.0,False,0,45
FD004,Static_Threshold,213,True,20.0,False,0,96
FD004,Static_Threshold,216,True,31.0,False,0,143
FD004,Static_Threshold,227,True,46.0,False,0,186
FD004,Static_Threshold,228,True,47.0,False,0,178
FD004,Static_Threshold,231,True,13.0,False,0,93
FD004,Static_Threshold,244,True,41.0,False,0,166
FD004,Static_Threshold,247,True,26.0,False,0,110
FD004,Static_Threshold,249,True,30.0,False,0,154
FD004,Static_Threshold,1,True,36.0,False,0,220
FD004,Static_Threshold,9,True,51.0,False,0,233
FD004,Static_Threshold,15,True,53.0,False,0,123
FD004,Static_Threshold,20,True,34.0,False,0,144
FD004,Static_Threshold,21,True,46.0,False,0,126
FD004,Static_Threshold,22,True,38.0,False,0,110
FD004,Static_Threshold,25,True,7.0,False,0,49
FD004,Static_Threshold,32,True,47.0,False,0,118
FD004,Static_Threshold,33,True,34.0,False,0,100
FD004,Static_Threshold,42,True,48.0,False,0,179
FD004,Static_Threshold,56,True,35.0,False,0,246
FD004,Static_Threshold,62,True,88.0,False,0,196
FD004,Static_Threshold,66,True,19.0,False,0,74
FD004,Static_Threshold,68,True,23.0,False,0,62
FD004,Static_Threshold,84,True,7.0,False,0,58
FD004,Static_Threshold,87,True,62.0,False,0,158
FD004,Static_Threshold,91,True,54.0,False,0,253
FD004,Static_Threshold,93,True,30.0,False,0,95
FD004,Static_Threshold,94,True,41.0,False,0,148
FD004,Static_Threshold,95,True,35.0,False,0,138
FD004,Static_Threshold,97,True,54.0,False,0,161
FD004,Static_Threshold,102,True,11.0,False,0,93
FD004,Static_Threshold,105,True,5.0,False,0,69
FD004,Static_Threshold,107,True,15.0,False,0,82
FD004,Static_Threshold,129,True,10.0,False,0,89
FD004,Static_Threshold,130,True,9.0,False,0,65
FD004,Static_Threshold,139,True,34.0,False,0,150
FD004,Static_Threshold,143,True,11.0,False,0,83
FD004,Static_Threshold,154,True,25.0,False,0,102
FD004,Static_Threshold,157,True,27.0,False,0,197
FD004,Static_Threshold,161,True,52.0,False,0,202
FD004,Static_Threshold,163,True,93.0,False,0,184
FD004,Static_Threshold,164,True,51.0,False,0,279
FD004,Static_Threshold,167,True,20.0,False,0,162
FD004,Static_Threshold,172,True,71.0,False,0,172
FD004,Static_Threshold,174,True,52.0,False,0,269
FD004,Static_Threshold,177,True,35.0,False,0,141
FD004,Static_Threshold,178,True,27.0,False,0,69
FD004,Static_Threshold,179,False,0.0,True,139,334
FD004,Static_Threshold,181,True,6.0,False,0,33
FD004,Static_Threshold,192,True,16.0,False,0,89
FD004,Static_Threshold,194,True,5.0,False,0,44
FD004,Static_Threshold,212,True,37.0,False,0,128
FD004,Static_Threshold,221,True,67.0,False,0,173
FD004,Static_Threshold,222,True,12.0,False,0,101
FD004,Static_Threshold,225,True,47.0,False,0,317
FD004,Static_Threshold,233,True,52.0,False,0,188
FD004,Static_Threshold,237,True,20.0,False,0,111
FD004,Static_Threshold,243,True,47.0,False,0,226
FD004,Static_Threshold,248,True,34.0,False,0,83
FD004,EWMA_Control_Limits,3,True,78.0,False,0,206
FD004,EWMA_Control_Limits,5,True,46.0,False,0,92
FD004,EWMA_Control_Limits,6,True,50.0,False,0,230
FD004,EWMA_Control_Limits,16,True,32.0,False,0,83
FD004,EWMA_Control_Limits,17,True,4.0,False,0,50
FD004,EWMA_Control_Limits,18,True,48.0,False,0,242
FD004,EWMA_Control_Limits,24,False,0.0,False,0,85
FD004,EWMA_Control_Limits,30,True,24.0,False,0,196
FD004,EWMA_Control_Limits,31,True,30.0,False,0,162
FD004,EWMA_Control_Limits,36,False,0.0,False,0,42
FD004,EWMA_Control_Limits,37,True,48.0,False,0,287
FD004,EWMA_Control_Limits,39,True,30.0,False,0,101
FD004,EWMA_Control_Limits,43,True,32.0,False,0,122
FD004,EWMA_Control_Limits,46,True,48.0,False,0,220
FD004,EWMA_Control_Limits,54,True,19.0,False,0,96
FD004,EWMA_Control_Limits,59,True,2.0,False,0,76
FD004,EWMA_Control_Limits,63,True,17.0,False,0,69
FD004,EWMA_Control_Limits,65,True,88.0,False,0,250
FD004,EWMA_Control_Limits,74,True,12.0,False,0,143
FD004,EWMA_Control_Limits,85,True,38.0,False,0,176
FD004,EWMA_Control_Limits,101,True,16.0,False,0,159
FD004,EWMA_Control_Limits,118,True,93.0,False,0,442
FD004,EWMA_Control_Limits,119,True,36.0,False,0,86
FD004,EWMA_Control_Limits,120,True,2.0,False,0,76
FD004,EWMA_Control_Limits,134,False,0.0,False,0,146
FD004,EWMA_Control_Limits,140,True,82.0,False,0,197
FD004,EWMA_Control_Limits,141,True,16.0,False,0,98
FD004,EWMA_Control_Limits,142,True,27.0,False,0,108
FD004,EWMA_Control_Limits,145,True,28.0,False,0,127
FD004,EWMA_Control_Limits,146,True,53.0,False,0,202
FD004,EWMA_Control_Limits,147,True,23.0,False,0,133
FD004,EWMA_Control_Limits,148,True,26.0,False,0,92
FD004,EWMA_Control_Limits,156,True,11.0,False,0,38
FD004,EWMA_Control_Limits,159,True,26.0,False,0,187
FD004,EWMA_Control_Limits,165,True,3.0,False,0,154
FD004,EWMA_Control_Limits,182,True,6.0,False,0,104
FD004,EWMA_Control_Limits,186,False,0.0,False,0,62
FD004,EWMA_Control_Limits,187,True,36.0,False,0,172
FD004,EWMA_Control_Limits,189,True,1.0,False,0,138
FD004,EWMA_Control_Limits,195,False,0.0,False,0,58
FD004,EWMA_Control_Limits,196,True,19.0,False,0,73
FD004,EWMA_Control_Limits,198,True,65.0,False,0,63
FD004,EWMA_Control_Limits,201,True,61.0,False,0,277
FD004,EWMA_Control_Limits,204,True,22.0,False,0,110
FD004,EWMA_Control_Limits,215,True,49.0,False,0,260
FD004,EWMA_Control_Limits,224,True,36.0,False,0,167
FD004,EWMA_Control_Limits,229,True,43.0,False,0,179
FD004,EWMA_Control_Limits,230,True,37.0,False,0,149
FD004,EWMA_Control_Limits,236,True,31.0,False,0,124
FD004,EWMA_Control_Limits,242,True,6.0,False,0,121
FD004,EWMA_Control_Limits,13,True,23.0,False,0,155
FD004,EWMA_Control_Limits,27,False,0.0,False,0,62
FD004,EWMA_Control_Limits,29,True,17.0,False,0,146
FD004,EWMA_Control_Limits,40,True,19.0,False,0,105
FD004,EWMA_Control_Limits,41,True,67.0,False,0,178
FD004,EWMA_Control_Limits,48,False,0.0,True,221,221
FD004,EWMA_Control_Limits,50,True,28.0,False,0,71
FD004,EWMA_Control_Limits,51,True,53.0,False,0,184
FD004,EWMA_Control_Limits,55,True,50.0,False,0,243
FD004,EWMA_Control_Limits,60,True,28.0,False,0,117
FD004,EWMA_Control_Limits,72,True,26.0,False,0,207
FD004,EWMA_Control_Limits,73,True,31.0,False,0,80
FD004,EWMA_Control_Limits,76,False,0.0,False,0,51
FD004,EWMA_Control_Limits,79,True,25.0,False,0,117
FD004,EWMA_Control_Limits,80,True,44.0,False,0,204
FD004,EWMA_Control_Limits,81,True,28.0,False,0,86
FD004,EWMA_Control_Limits,86,True,60.0,False,0,131
FD004,EWMA_Control_Limits,88,True,48.0,False,0,287
FD004,EWMA_Control_Limits,92,False,0.0,False,0,90
FD004,EWMA_Control_Limits,96,True,36.0,False,0,169
FD004,EWMA_Control_Limits,104,True,25.0,False,0,102
FD004,EWMA_Control_Limits,106,True,28.0,False,0,165
FD004,EWMA_Control_Limits,113,True,5.0,False,0,83
FD004,EWMA_Control_Limits,123,True,48.0,False,0,125
FD004,EWMA_Control_Limits,126,True,36.0,False,0,201
FD004,EWMA_Control_Limits,128,True,82.0,False,0,147
FD004,EWMA_Control_Limits,132,True,38.0,False,0,153
FD004,EWMA_Control_Limits,133,True,71.0,False,0,388
FD004,EWMA_Control_Limits,135,False,0.0,False,0,48
FD004,EWMA_Control_Limits,137,True,8.0,False,0,124
FD004,EWMA_Control_Limits,144,True,61.0,False,0,196
FD004,EWMA_Control_Limits,149,True,65.0,False,0,160
FD004,EWMA_Control_Limits,151,True,44.0,False,0,250
FD004,EWMA_Control_Limits,153,False,0.0,False,0,67
FD004,EWMA_Control_Limits,155,True,43.0,False,0,194
FD004,EWMA_Control_Limits,168,True,13.0,False,0,95
FD004,EWMA_Control_Limits,175,True,16.0,False,0,55
FD004,EWMA_Control_Limits,184,False,0.0,True,41,278
FD004,EWMA_Control_Limits,199,False,0.0,False,0,75
FD004,EWMA_Control_Limits,202,True,39.0,False,0,140
FD004,EWMA_Control_Limits,210,True,18.0,False,0,66
FD004,EWMA_Control_Limits,217,True,4.0,False,0,99
FD004,EWMA_Control_Limits,218,True,4.0,False,0,135
FD004,EWMA_Control_Limits,220,True,26.0,False,0,101
FD004,EWMA_Control_Limits,226,True,30.0,False,0,93
FD004,EWMA_Control_Limits,232,False,0.0,False,0,172
FD004,EWMA_Control_Limits,238,True,16.0,False,0,86
FD004,EWMA_Control_Limits,239,True,62.0,False,0,264
FD004,EWMA_Control_Limits,241,True,8.0,False,0,231
FD004,EWMA_Control_Limits,2,True,14.0,False,0,198
FD004,EWMA_Control_Limits,4,True,64.0,False,0,173
FD004,EWMA_Control_Limits,10,True,45.0,False,0,253
FD004,EWMA_Control_Limits,12,True,35.0,False,0,171
FD004,EWMA_Control_Limits,14,True,44.0,False,0,152
FD004,EWMA_Control_Limits,23,False,0.0,False,0,179
FD004,EWMA_Control_Limits,26,True,29.0,False,0,196
FD004,EWMA_Control_Limits,35,True,51.0,False,0,120
FD004,EWMA_Control_Limits,38,True,12.0,False,0,76
FD004,EWMA_Control_Limits,44,True,20.0,False,0,102
FD004,EWMA_Control_Limits,53,True,37.0,False,0,203
FD004,EWMA_Control_Limits,58,True,39.0,False,0,180
FD004,EWMA_Control_Limits,61,True,28.0,False,0,143
FD004,EWMA_Control_Limits,70,True,10.0,False,0,84
FD004,EWMA_Control_Limits,75,True,67.0,False,0,129
FD004,EWMA_Control_Limits,77,True,8.0,False,0,47
FD004,EWMA_Control_Limits,82,True,47.0,False,0,96
FD004,EWMA_Control_Limits,83,True,3.0,False,0,83
FD004,EWMA_Control_Limits,90,True,29.0,False,0,111
FD004,EWMA_Control_Limits,98,True,36.0,False,0,144
FD004,EWMA_Control_Limits,99,True,19.0,False,0,66
FD004,EWMA_Control_Limits,109,True,54.0,False,0,224
FD004,EWMA_Control_Limits,112,True,37.0,False,0,239
FD004,EWMA_Control_Limits,116,True,42.0,False,0,243
FD004,EWMA_Control_Limits,121,True,30.0,False,0,93
FD004,EWMA_Control_Limits,124,False,0.0,False,0,69
FD004,EWMA_Control_Limits,127,True,39.0,False,0,134
FD004,EWMA_Control_Limits,131,True,49.0,False,0,269
FD004,EWMA_Control_Limits,152,True,46.0,False,0,161
FD004,EWMA_Control_Limits,158,True,88.0,False,0,298
FD004,EWMA_Control_Limits,162,True,35.0,False,0,212
FD004,EWMA_Control_Limits,169,True,28.0,False,0,126
FD004,EWMA_Control_Limits,170,True,6.0,False,0,60
FD004,EWMA_Control_Limits,173,True,70.0,False,0,356
FD004,EWMA_Control_Limits,176,True,22.0,False,0,79
FD004,EWMA_Control_Limits,183,True,41.0,False,0,89
FD004,EWMA_Control_Limits,185,False,0.0,True,8,158
FD004,EWMA_Control_Limits,191,True,73.0,False,0,196
FD004,EWMA_Control_Limits,197,True,13.0,False,0,69
FD004,EWMA_Control_Limits,200,True,28.0,False,0,124
FD004,EWMA_Control_Limits,206,True,38.0,False,0,162
FD004,EWMA_Control_Limits,207,True,87.0,False,0,278
FD004,EWMA_Control_Limits,214,True,14.0,False,0,27
FD004,EWMA_Control_Limits,219,True,44.0,False,0,89
FD004,EWMA_Control_Limits,223,False,0.0,False,0,146
FD004,EWMA_Control_Limits,234,True,18.0,False,0,106
FD004,EWMA_Control_Limits,235,True,43.0,False,0,98
FD004,EWMA_Control_Limits,240,False,0.0,False,0,48
FD004,EWMA_Control_Limits,245,True,8.0,False,0,104
FD004,EWMA_Control_Limits,246,True,12.0,False,0,60
FD004,EWMA_Control_Limits,7,False,0.0,False,0,120
FD004,EWMA_Control_Limits,8,True,34.0,False,0,129
FD004,EWMA_Control_Limits,11,False,0.0,False,0,200
FD004,EWMA_Control_Limits,19,True,5.0,False,0,109
FD004,EWMA_Control_Limits,28,True,1.0,False,0,101
FD004,EWMA_Control_Limits,34,True,57.0,False,0,175
FD004,EWMA_Control_Limits,45,True,37.0,False,0,76
FD004,EWMA_Control_Limits,47,True,43.0,False,0,274
FD004,EWMA_Control_Limits,49,True,85.0,False,0,345
FD004,EWMA_Control_Limits,52,True,63.0,False,0,256
FD004,EWMA_Control_Limits,57,True,31.0,False,0,92
FD004,EWMA_Control_Limits,64,True,33.0,False,0,83
FD004,EWMA_Control_Limits,67,True,1.0,False,0,66
FD004,EWMA_Control_Limits,69,True,26.0,False,0,125
FD004,EWMA_Control_Limits,71,False,0.0,True,83,211
FD004,EWMA_Control_Limits,78,True,51.0,False,0,149
FD004,EWMA_Control_Limits,89,True,27.0,False,0,67
FD004,EWMA_Control_Limits,100,True,46.0,False,0,160
FD004,EWMA_Control_Limits,103,False,0.0,False,0,123
FD004,EWMA_Control_Limits,108,True,59.0,False,0,203
FD004,EWMA_Control_Limits,110,True,24.0,False,0,85
FD004,EWMA_Control_Limits,111,True,51.0,False,0,196
FD004,EWMA_Control_Limits,114,True,31.0,False,0,60
FD004,EWMA_Control_Limits,115,True,29.0,False,0,30
FD004,EWMA_Control_Limits,117,True,61.0,False,0,241
FD004,EWMA_Control_Limits,122,True,17.0,False,0,73
FD004,EWMA_Control_Limits,125,True,69.0,False,0,138
FD004,EWMA_Control_Limits,136,True,20.0,False,0,104
FD004,EWMA_Control_Limits,138,True,3.0,False,0,77
FD004,EWMA_Control_Limits,150,True,1.0,False,0,48
FD004,EWMA_Control_Limits,160,True,10.0,False,0,86
FD004,EWMA_Control_Limits,166,True,65.0,False,0,168
FD004,EWMA_Control_Limits,171,False,0.0,True,6,298
FD004,EWMA_Control_Limits,180,True,64.0,False,0,243
FD004,EWMA_Control_Limits,188,True,26.0,False,0,153
FD004,EWMA_Control_Limits,190,True,56.0,False,0,280
FD004,EWMA_Control_Limits,193,True,40.0,False,0,96
FD004,EWMA_Control_Limits,203,False,0.0,True,1,223
FD004,EWMA_Control_Limits,205,True,29.0,False,0,141
FD004,EWMA_Control_Limits,208,True,35.0,False,0,189
FD004,EWMA_Control_Limits,209,True,25.0,False,0,60
FD004,EWMA_Control_Limits,211,True,28.0,False,0,45
FD004,EWMA_Control_Limits,213,True,21.0,False,0,96
FD004,EWMA_Control_Limits,216,True,45.0,False,0,143
FD004,EWMA_Control_Limits,227,True,44.0,False,0,186
FD004,EWMA_Control_Limits,228,True,50.0,False,0,178
FD004,EWMA_Control_Limits,231,True,6.0,False,0,93
FD004,EWMA_Control_Limits,244,True,45.0,False,0,166
FD004,EWMA_Control_Limits,247,False,0.0,True,110,110
FD004,EWMA_Control_Limits,249,True,36.0,False,0,154
FD004,EWMA_Control_Limits,1,True,42.0,False,0,220
FD004,EWMA_Control_Limits,9,True,40.0,False,0,233
FD004,EWMA_Control_Limits,15,True,61.0,False,0,123
FD004,EWMA_Control_Limits,20,True,51.0,False,0,144
FD004,EWMA_Control_Limits,21,True,44.0,False,0,126
FD004,EWMA_Control_Limits,22,True,26.0,False,0,110
FD004,EWMA_Control_Limits,25,True,7.0,False,0,49
FD004,EWMA_Control_Limits,32,True,50.0,False,0,118
FD004,EWMA_Control_Limits,33,True,32.0,False,0,100
FD004,EWMA_Control_Limits,42,True,45.0,False,0,179
FD004,EWMA_Control_Limits,56,True,18.0,False,0,246
FD004,EWMA_Control_Limits,62,True,90.0,False,0,196
FD004,EWMA_Control_Limits,66,True,19.0,False,0,74
FD004,EWMA_Control_Limits,68,True,40.0,False,0,62
FD004,EWMA_Control_Limits,84,True,0.0,False,0,58
FD004,EWMA_Control_Limits,87,True,52.0,False,0,158
FD004,EWMA_Control_Limits,91,True,63.0,False,0,253
FD004,EWMA_Control_Limits,93,True,51.0,False,0,95
FD004,EWMA_Control_Limits,94,True,46.0,False,0,148
FD004,EWMA_Control_Limits,95,True,35.0,False,0,138
FD004,EWMA_Control_Limits,97,True,62.0,False,0,161
FD004,EWMA_Control_Limits,102,False,0.0,False,0,93
FD004,EWMA_Control_Limits,105,False,0.0,False,0,69
FD004,EWMA_Control_Limits,107,False,0.0,False,0,82
FD004,EWMA_Control_Limits,129,False,0.0,False,0,89
FD004,EWMA_Control_Limits,130,True,20.0,False,0,65
FD004,EWMA_Control_Limits,139,True,34.0,False,0,150
FD004,EWMA_Control_Limits,143,False,0.0,False,0,83
FD004,EWMA_Control_Limits,154,True,19.0,False,0,102
FD004,EWMA_Control_Limits,157,False,0.0,True,197,197
FD004,EWMA_Control_Limits,161,True,43.0,False,0,202
FD004,EWMA_Control_Limits,163,False,0.0,True,16,184
FD004,EWMA_Control_Limits,164,True,46.0,False,0,279
FD004,EWMA_Control_Limits,167,True,43.0,False,0,162
FD004,EWMA_Control_Limits,172,True,79.0,False,0,172
FD004,EWMA_Control_Limits,174,True,46.0,False,0,269
FD004,EWMA_Control_Limits,177,True,56.0,False,0,141
FD004,EWMA_Control_Limits,178,True,20.0,False,0,69
FD004,EWMA_Control_Limits,179,False,0.0,True,156,334
FD004,EWMA_Control_Limits,181,False,0.0,False,0,33
FD004,EWMA_Control_Limits,192,True,24.0,False,0,89
FD004,EWMA_Control_Limits,194,False,0.0,False,0,44
FD004,EWMA_Control_Limits,212,True,34.0,False,0,128
FD004,EWMA_Control_Limits,221,True,54.0,False,0,173
FD004,EWMA_Control_Limits,222,False,0.0,False,0,101
FD004,EWMA_Control_Limits,225,True,44.0,False,0,317
FD004,EWMA_Control_Limits,233,True,60.0,False,0,188
FD004,EWMA_Control_Limits,237,True,34.0,False,0,111
FD004,EWMA_Control_Limits,243,True,37.0,False,0,226
FD004,EWMA_Control_Limits,248,True,1.0,False,0,83
